﻿<?xml version="1.0" encoding="utf-8"?>
<tswitem>
<itemid>100006</itemid>
<name>Coney-Island-Ring</name>
<iconpath>100006</iconpath>
<quality>5</quality>


<tooltip><![CDATA[

<table width="100%"> 
	<tr> 
		<td align="left" class="tsw_tooltiptitle tsw_q;QL_VALUE;" colspan="2">Coney-Island-Ring</td> </tr>
	<tr> 
		<td align="left" class="tsw_infolabel" colspan="2">Fingertalisman (QS 10.4 Episch)</td></tr> 
	<tr> 
		 <td align="left" class="tsw_infolabel_slot" colspan="2">Charaktergebunden </td></tr>  
	<tr> 
		<td colspan="2"> <hr class="tsw_tooltip_hr"> </td>
		</tr> 
	<tr>
		<td align="center" width="5%"class="tsw_infolabel_hl">+664</td> 
		<td align="left" class="tsw_infolabel"> Heilungswert</td> </tr> 
	<tr> 
		<td colspan="2"> <hr class="tsw_tooltip_hr"> </td>
	</tr>
	<tr>
		<td align="left" class="tsw_infolabel" colspan="2">Immer wenn sie kritisch heilen, erhalten sie einen positiven Effekt, der ihre kritische Treffer-Kraft um <span class="tsw_infolabel_hl">25%</span> erhöht, und zwar <span class="tsw_infolabel_hl">15</span> Sekunden lang. Die Dauer dieses Effekts wird beim erneuten wirken nicht aufgefrischt.
</td></tr>
	<tr> 
		<td colspan="3"> <hr class="tsw_tooltip_hr"> </td>
	</tr> 
	
	<tr>  
		<td width="5%" align="center" class="tsw_item_manastone"> </td> 
		 <td width="95%" align="left" class="tsw_infolabel_slot">leerer Glyphen Slot </td></tr>  
	

</table>
]]>
</tooltip></tswitem>