﻿<?xml version="1.0" encoding="utf-8"?>
<tswitem>
<itemid>100003</itemid>
<name>Blut der Alten</name>
<iconpath>100003</iconpath>
<quality>5</quality>


<tooltip><![CDATA[

<table width="100%"> 
	<tr> 
		<td align="left" class="tsw_tooltiptitle tsw_q;QL_VALUE;" colspan="2">Blut der Alten</td> </tr>
	<tr> 
		<td align="left" class="tsw_infolabel" colspan="2">Kopftalisman (QS 10.4 Episch)</td></tr> 
	<tr> 
		 <td align="left" class="tsw_infolabel_slot" colspan="2">Charaktergebunden </td></tr>  
	<tr> 
		<td colspan="2"> <hr class="tsw_tooltip_hr"> </td>
		</tr> 
	<tr>
		<td align="left" width="5%" class="tsw_infolabel_hl">+735</td> 
		<td align="left" class="tsw_infolabel">Heilungswert</td> </tr> 
	<tr> 
		<td colspan="2"> <hr class="tsw_tooltip_hr"> </td>
	</tr>
	<tr>
		<td align="left" class="tsw_infolabel" colspan="2">Immer wenn sie einen Verbündeten mit einem Heilungs-Effekt belegen, besteht eine Chance von <span class="tsw_infolabel_hl">10%</span>, das Ziel zusätzlich um <span class="tsw_infolabel_hl">3%</span> seiner maximal Gesundheit zu heilen. Das kann höchstens alle <span class="tsw_infolabel_hl">10</span> Sekunden vorkommen.
</td></tr>
	<tr> 
		<td colspan="3"> <hr class="tsw_tooltip_hr"> </td>
	</tr> 
	
	<tr>  
		<td align="right" class="tsw_item_manastone"></td> 
		 <td align="left" class="tsw_infolabel_slot">leerer Glyphen Slot </td></tr>  
	

</table>
]]>
</tooltip></tswitem>