﻿<?xml version="1.0" encoding="utf-8"?>
<tswitem>
<itemid>200049</itemid>
<name>Siegel der Erlösung</name>
<iconpath>200011</iconpath>
<quality>5</quality>


<tooltip><![CDATA[

<table width="100%"> 
	<tr> 
		<td align="left" class="tsw_tooltiptitle tsw_q;QL_VALUE;" colspan="2">Siegel der Erlösung</td> </tr>
	<tr> 
		<td align="left" class="tsw_infolabel" colspan="2">Siegel (QS 10)</td> </tr> 
	<tr> <td colspan="2"> <hr class="tsw_tooltip_hr"> </td>
		 </tr>  
	<tr> 
		
		</tr> 
		<tr>
		<td align="left" class="tsw_infolabel" colspan="2">Wenn Sie blocken, ausweichen oder einen Streifftreffer erleiden, erhalten Sie <span class="tsw_infolabel_hl">5</span> Sekunden lang <span class="tsw_q3">2%</span>/<span class="tsw_q4">4%</span>/<span class="tsw_q5">6%</span> Schadenssenkung. <span class="tsw_infolabel_hl">6</span> Sekunden Abklingzeit. Dieses Siegel kann an kleinen Talismanen angebracht werden.
	</td></tr>

	

</table>
]]>
</tooltip></tswitem>
