﻿<?xml version="1.0" encoding="utf-8"?>
<tswitem>
<itemid>200059</itemid>
<name>Nebenwaffen-Mod</name>
<iconpath>200019</iconpath>
<quality>5</quality>


<tooltip><![CDATA[

<table width="100%"> 
	<tr> 
		<td align="left" class="tsw_tooltiptitle tsw_q;QL_VALUE;" colspan="2">Nebenwaffen-Mod</td> </tr>
	<tr> 
		<td align="left" class="tsw_infolabel" colspan="2">Siegel (QS 10)</td> </tr> 
	<tr> <td colspan="2"> <hr class="tsw_tooltip_hr"> </td>
		 </tr>  
	<tr> 
		
		</tr> 
		<tr>
		<td align="left" class="tsw_infolabel" colspan="2">Kann Nebenwaffen hinzugefügt werden, um spezifische Fähigkeiten zu verbessern. Mit einem erfolgreichen Rezept können Sie sich im Fertigungsfenster eine Vorschau des Effektes ansehen.
	</td></tr>

	

</table>
]]>
</tooltip></tswitem>
