﻿<?xml version="1.0" encoding="utf-8"?>
<tswitem>
<itemid>200050</itemid>
<name>Siegel der Abtragung</name>
<iconpath>200011</iconpath>
<quality>5</quality>


<tooltip><![CDATA[

<table width="100%"> 
	<tr> 
		<td align="left" class="tsw_tooltiptitle tsw_q;QL_VALUE;" colspan="2">Siegel der Abtragung</td> </tr>
	<tr> 
		<td align="left" class="tsw_infolabel" colspan="2">Siegel (QS 10)</td> </tr> 
	<tr> <td colspan="2"> <hr class="tsw_tooltip_hr"> </td>
		 </tr>  
	<tr> 
		
		</tr> 
		<tr>
		<td align="left" class="tsw_infolabel" colspan="2">Wenn Ihre Gesundheit weniger als <span class="tsw_infolabel_hl">50%</span> beträgt, verursachen die nächsten <span class="tsw_infolabel_hl">5</span> Treffer gegen Sie <span class="tsw_q3">9%</span>/<span class="tsw_q4">17%</span>/<span class="tsw_q5">25%</span> weniger Schaden. <span class="tsw_infolabel_hl">12</span> Sekunden Abklingzeit. Dieses Siegel kann an kleinen Talismanen angebracht werden.
	</td></tr>

	

</table>
]]>
</tooltip></tswitem>
