﻿<?xml version="1.0" encoding="utf-8"?>
<tswitem>
<itemid>200010</itemid>
<name>Siegel der Mäßigung</name>
<iconpath>200006</iconpath>
<quality>5</quality>


<tooltip><![CDATA[

<table width="100%"> 
	<tr> 
		<td align="left" class="tsw_tooltiptitle tsw_q;QL_VALUE;" colspan="2">Siegel der Mäßigung</td> </tr>
	<tr> 
		<td align="left" class="tsw_infolabel" colspan="2">Siegel (QS 10)</td> </tr> 
	<tr> <td colspan="2"> <hr class="tsw_tooltip_hr"> </td>
		 </tr>  
	<tr> 
		
		</tr> 
		<tr>
		<td align="left" class="tsw_infolabel" colspan="2">Wenn Sie ein Ziel heilen, das weniger als <span class="tsw_infolabel_hl">50%</span> Gesundheit hat, wird es alle <span class="tsw_infolabel_hl">2</span> Sekunden um <span class="tsw_q3">31</span>/<span class="tsw_q4">63</span>/<span class="tsw_q5">94</span> geheilt, und zwar <span class="tsw_infolabel_hl">8</span> Sekunden lang. <span class="tsw_infolabel_hl">8</span> Sekunden Abklingzeit. Dieses Siegel kann an Kopftalismanen oder Waffen angebracht werden.
	</td></tr>

	

</table>
]]>
</tooltip></tswitem>
