﻿<?xml version="1.0" encoding="utf-8"?>
<tswitem>
<itemid>200048</itemid>
<name>Siegel der Verjüngung</name>
<iconpath>200011</iconpath>
<quality>5</quality>


<tooltip><![CDATA[

<table width="100%"> 
	<tr> 
		<td align="left" class="tsw_tooltiptitle tsw_q;QL_VALUE;" colspan="2">Siegel der Verjüngung</td> </tr>
	<tr> 
		<td align="left" class="tsw_infolabel" colspan="2">Siegel (QS 10)</td> </tr> 
	<tr> <td colspan="2"> <hr class="tsw_tooltip_hr"> </td>
		 </tr>  
	<tr> 
		
		</tr> 
		<tr>
		<td align="left" class="tsw_infolabel" colspan="2">Wenn Ihre Gesundheit unter <span class="tsw_infolabel_hl">50%</span> sinkt, werden Sie um <span class="tsw_q3">50</span>/<span class="tsw_q4">100</span>/<span class="tsw_q5">150</span> geheilt und erhalten einen Heilungs-über-Zeit-Effekt, der Sie alle <span class="tsw_infolabel_hl">2</span> Sekunden um <span class="tsw_q3">19</span>/<span class="tsw_q4">38</span>/<span class="tsw_q5">57</span>  heilt, und zwar <span class="tsw_infolabel_hl">8</span> Sekunden lang. <span class="tsw_infolabel_hl">12</span> Sekunden Abklingzeit. Dieses Siegel kann an kleinen Talismanen angebracht werden.
	</td></tr>

	

</table>
]]>
</tooltip></tswitem>
