﻿<?xml version="1.0" encoding="utf-8"?>
<tswitem>
<itemid>200007</itemid>
<name>Siegel der Verstärkung</name>
<iconpath>200005</iconpath>
<quality>5</quality>


<tooltip><![CDATA[

<table width="100%"> 
	<tr> 
		<td align="left" class="tsw_tooltiptitle tsw_q;QL_VALUE;" colspan="2">Siegel der Verstärkung</td> </tr>
	<tr> 
		<td align="left" class="tsw_infolabel" colspan="2">Siegel (QS 10)</td> </tr> 
	<tr> <td colspan="2"> <hr class="tsw_tooltip_hr"> </td>
		 </tr>  
	<tr> 
		
		</tr> 
		<tr>
		<td align="left" class="tsw_infolabel" colspan="2">Wenn Sie einen Streiftreffer erleiden, erhalten Sie <span class="tsw_infolabel_hl">4</span> Sekunden lang <span class="tsw_q3">31</span>/<span class="tsw_q4">62</span>/<span class="tsw_q5">63</span> magischen und körperlichen Schutz pro Stapel, für bis zu <span class="tsw_infolabel_hl">3</span> Stapel. Dieses Siegel kann an Kopftalismanen angebracht werden.
	</td></tr>

	

</table>
]]>
</tooltip></tswitem>
