﻿<?xml version="1.0" encoding="utf-8"?>
<tswitem>
<itemid>8131223</itemid>
<name>Kugel des unheilvollen Wurmfeuers</name>
<iconpath>8131223</iconpath>
<quality>5</quality>


<tooltip><![CDATA[

<table width="100%"> 
	<tr> 
		<td align="left" class="tsw_tooltiptitle tsw_q;QL_VALUE;" colspan="2">Kugel des unheilvollen Wurmfeuers</td> </tr>
	<tr> 
		<td align="left" class="tsw_infolabel" colspan="2">Elemtarismus-Fokus (QS 10.3 Episch)</td> </tr> 
	<tr> 
		<td align="left" class="tsw_infolabel_slot" colspan="2">Charaktergebunden</td> </tr>  
	<tr> 
		<td colspan="2"> <hr class="tsw_tooltip_hr"> </td>
		</tr> 
	<tr>
		<td align="left" width="5%"class="tsw_infolabel_hl">+434</td> 
		<td align="left" class="tsw_infolabel"> Waffenkraft</td> </tr> 
	<tr> 
		<td colspan="2"> <hr class="tsw_tooltip_hr"> </td>
	</tr>
	<tr>
		<td width="5%" align="center" class="tsw_item_manastone"></td>
		<td width="95%" align="left" class="tsw_infolabel_slot">leerer Glyphen Slot </td></tr>
	<tr>  
		<td width="5%" align="center" class="tsw_item_manastone"> </td> 
		 <td width="95%" align="left" class="tsw_infolabel_slot">leerer Siegel Slot </td></tr>  
	

</table>
]]>
</tooltip></tswitem>
