<?xml version="1.0" encoding="utf-8"?>	
	<tswitem>
	<itemid>8258770</itemid>
	<name>Brutaler Augmentierungsresonator</name>
	<iconpath>8258770</iconpath>
	<quality>4</quality>
	
	
	<tooltip><![CDATA[
	
	<table width="100%"> 
		<tr> 
	<td align="left" class="tsw_tooltiptitle tsw_q;QL_VALUE;" colspan="2">Brutaler Augmentierungsresonator</td> </tr>
		<tr> 
<td align="left" colspan="2">Eine nicht eingestellte <font color='#FF2F1F'>Schaden</font>-Augmentierung.</td>
		<tr> <td colspan="2"> <hr class="tsw_tooltip_hr"> </td>
			 </tr>  
		<tr> 
			
			</tr> 
			<tr>
	<td align="left" class="tsw_infolabel" colspan="2">Durch Resonanz dieser Augmentierung mit einer aktiven Kraft wird Ihre kritische Treffer-Chance mit dieser Kraft um <span class="tsw_q2">1,5%</span>/ <span class="tsw_q3">3%</span>/ <span class="tsw_q4">4,5%</span>/ <span class="tsw_q5">6%</span>/ <span class="tsw_q6">7,5%</span> erhöht.
	
		</td></tr>
	<tr> <td colspan="2"> <hr class="tsw_tooltip_hr"> </td> </tr>
	<tr>  
	<td>Um diese Augmentierung einzustellen, platzieren Sie sie bitte im Fertigungsfenster, und zwar zusammen mit:
	 <ul>
	<li>2 Eingestellte Exakter Augmentierungsresonator</li>
	<li>24 Reine Lu Rune</li>
	<li>36 Reines Feuer</li>
	</ul> 
	</td></tr>
	
	</table>
	]]>
	</tooltip></tswitem>