<?xml version="1.0" encoding="utf-8"?>	
	<tswitem>
	<itemid>8258569</itemid>
	<name>Exakter Augmentierungsresonator</name>
	<iconpath>8258569</iconpath>
	<quality>3</quality>
	
	
	<tooltip><![CDATA[
	
	<table width="100%"> 
		<tr> 
	<td align="left" class="tsw_tooltiptitle tsw_q;QL_VALUE;" colspan="2">Exakter Augmentierungsresonator</td> </tr>
		<tr> 
			<td align="left" class="tsw_infolabel" colspan="2"></td> </tr> 
		<tr> <td colspan="2"> <hr class="tsw_tooltip_hr"> </td>
			 </tr>  
		<tr> 
			
			</tr> 
			<tr>
	<td align="left" class="tsw_infolabel" colspan="2">Durch Resonanz dieser Augmentierung mit einer aktiven Kraft wird Ihr Angriffswert um <span class="tsw_q2">30</span>/ <span class="tsw_q3">60</span>/ <span class="tsw_q4">90</span>/ <span class="tsw_q5">120</span>/ <span class="tsw_q6">150</span> erhöht. Das betrifft alle Kräfte.
	
		</td></tr>	
	</table>
	]]>
	</tooltip></tswitem>