<?xml version="1.0" encoding="utf-8"?>	
	<tswitem>
	<itemid>8258745</itemid>
	<name>Unerschütterlicher Augmentierungsresonator</name>
	<iconpath>8258745</iconpath>
	<quality>5</quality>
	
	
	<tooltip><![CDATA[
	
	<table width="100%"> 
		<tr> 
	<td align="left" class="tsw_tooltiptitle tsw_q;QL_VALUE;" colspan="2">Unerschütterlicher Augmentierungsresonator</td> </tr>
		<tr> 
<td align="left" colspan="2">Eine nicht eingestellte <font color='#FF2F1F'>Schaden</font>-Augmentierung.</td>
		<tr> <td colspan="2"> <hr class="tsw_tooltip_hr"> </td>
			 </tr>  
		<tr> 
			
			</tr> 
			<tr>
	<td align="left" class="tsw_infolabel" colspan="2">Durch Resonanz dieser Augmentierung mit einer aktiven Kraft werden für diese Kraft Ihre Durchdringungschance um <span class="tsw_q2">1%</span>/ <span class="tsw_q3">2%</span>/ <span class="tsw_q4">3%</span>/ <span class="tsw_q5">4%</span>/ <span class="tsw_q6">5%</span> und Ihre kritische Treffer-Chance um 
	<span class="tsw_q2">1%</span>/ <span class="tsw_q3">2%</span>/ <span class="tsw_q4">3%</span>/ <span class="tsw_q5">4%</span>/ <span class="tsw_q6">5%</span> erhöht.
		</td></tr>
	<tr> <td colspan="2"> <hr class="tsw_tooltip_hr"> </td> </tr>
	<tr>  
	<td>Um diese Augmentierung einzustellen, platzieren Sie sie bitte im Fertigungsfenster, und zwar zusammen mit:
	 <ul>
	<li>3 Eingestellte Exakter Augmentierungsresonator</li>
	<li>12 Reine Lu Rune</li>
	<li>12 Reine Trinitäts Rune</li>
	<li>72 Reines Feuer</li>
	</ul> 
	</td></tr>
	
	</table>
	]]>
	</tooltip></tswitem>