﻿<?xml version="1.0" encoding="utf-8"?>	
	<tswitem>
	<itemid>8258576</itemid>
	<name>Sprunghafter Augmentierungsresonator</name>
	<iconpath>8258576</iconpath>
	<quality>6</quality>
	
	
	<tooltip><![CDATA[
	
	<table width="100%"> 
		<tr> 
	<td align="left" class="tsw_tooltiptitle tsw_q;QL_VALUE;" colspan="2">Sprunghafter Augmentierungsresonator</td> </tr>
		<tr> 
<td align="left" colspan="2">Eine nicht eingestellte <font color='#F6E632'>Unterstützung</font>-Augmentierung</td>
		<tr> <td colspan="2"> <hr class="tsw_tooltip_hr"> </td>
			 </tr>  
		<tr> </tr> 
	<tr>
	<td align="left" class="tsw_infolabel" colspan="2">Durch Resonanz dieser Augmentierung mit einer aktiven Kraft wird die Dauer der aktuell laufenden Aufladezeiten Ihres Teams bei Aktivierung der Kraft um <span class="tsw_q2">2%</span>/ <span class="tsw_q3">4%</span>/ <span class="tsw_q4">6%</span>/ <span class="tsw_q5">8%</span>/ <span class="tsw_q6">10%</span> verkürzt. Das kann höchstens alle 10 Sekunden eintreten.
		</td></tr>
	<tr> <td colspan="2"> <hr class="tsw_tooltip_hr"> </td> </tr>
	<tr>  
	<td>Um diese Augmentierung einzustellen, platzieren Sie sie bitte im Fertigungsfenster, und zwar zusammen mit:
	 <ul>
	<li>4 Eingestellter Kurierender Augmentierungsresonator</li>
	<li>120 Reines Metall</li>
	</ul> 
	</td></tr>
	
	</table>
	]]>
	</tooltip></tswitem>
