<?xml version="1.0" encoding="utf-8"?>		
<tswitem>		
<itemid>8439383</itemid>		
<name>Tempo-Entzugsmodul</name>		
<iconpath>8439338</iconpath>		
<quality>4</quality>		
		
		
<tooltip><![CDATA[		
		
<table width="100%"> 		
	<tr> 	
		<td align="left" class="tsw_tooltiptitle tsw_q;QL_VALUE;" colspan="2">Tempo-Entzugsmodul</td> </tr>
	<tr> 	
		<td align="left" class="tsw_infolabel" colspan="2">AEGIS-Modul (QS 2 )</td> </tr> 
	<tr> 	
		<td align="left" class="tsw_infolabel_slot" colspan="2">Wird durch Ausrüsten gebunden </td> </tr>  
	<tr> 	
		<td colspan="2"> <hr class="tsw_tooltip_hr"> </td>
		</tr> 
	<tr>	
		<td align="left" class="tsw_infolabel" colspan="2">
Jedes Mal, wenn Sie ein Ziel treffen und sein AEGIS beschädigen, haben Sie eine <font color='#FF6600'>20 %</font>-Chance, einen positiven Effekt zu erhalten, der Ihre Bewegungsgeschwindigkeit <font color='#FF6600'>5</font> Sekunden lang um <span class="tsw_q4">8%</span> / <span class="tsw_q5">12%</span> erhöht.


		
	</td></tr>	
		
		
		
</table>		
]]>		
</tooltip></tswitem>		
