<?xml version="1.0" encoding="utf-8"?>		
<tswitem>		
<itemid>8439350</itemid>		
<name>Verjüngungsumkehr-Modul</name>		
<iconpath>8439338</iconpath>		
<quality>4</quality>		
		
		
<tooltip><![CDATA[		
		
<table width="100%"> 		
	<tr> 	
		<td align="left" class="tsw_tooltiptitle tsw_q;QL_VALUE;" colspan="2">Verjüngungsumkehr-Modul</td> </tr>
	<tr> 	
		<td align="left" class="tsw_infolabel" colspan="2">AEGIS-Modul (QS 2 )</td> </tr> 
	<tr> 	
		<td align="left" class="tsw_infolabel_slot" colspan="2">Wird durch Ausrüsten gebunden </td> </tr>  
	<tr> 	
		<td colspan="2"> <hr class="tsw_tooltip_hr"> </td>
		</tr> 
	<tr>	
		<td align="left" class="tsw_infolabel" colspan="2">
Jedes Mal, wenn Sie ein Ziel mit einem aktiven AEGIS schwächen, das Ihrem aktuellen AEGIS-Schadenstyp entspricht, erhalten Sie einen positiven Effekt, der <font color='#FF6600'>4</font> Sekunden lang pro Sekunde <span class="tsw_q4">30</span> / <span class="tsw_q5">50</span> Gesundheit wiederherstellt.


		
	</td></tr>	
		
		
		
</table>		
]]>		
</tooltip></tswitem>		
