<?xml version="1.0" encoding="utf-8"?>		
<tswitem>		
<itemid>8443141</itemid>		
<name>Speichererweiterungsmodul V</name>		
<iconpath>8443141</iconpath>		
<quality>5</quality>		
		
		
<tooltip><![CDATA[		
		
<table width="100%"> 		
	<tr> 	
		<td align="left" class="tsw_tooltiptitle tsw_q;QL_VALUE;" colspan="2">Speichererweiterungsmodul V</td> </tr>
	<tr> 	
		<td align="left" class="tsw_infolabel" colspan="2">Werkzeugsatz (QS 10 Epic)</td> </tr> 
	<tr> 	
		<td align="left" class="tsw_infolabel_slot" colspan="2">Charaktergebunden</td> </tr>  
	<tr> 	
		<td colspan="2"> <hr class="tsw_tooltip_hr"> </td>
		</tr> 
	<tr>	
		<td align="left" class="tsw_infolabel" colspan="2">Vergrößert den Speicherplatz eines AEGIS-Controllers, um ein Upgrade auf die nächsthöhere Version zu ermöglichen. Für den Einbau dieses Upgrades ist eine vollständige Analyse von Schmutzproben erforderlich.

Dieses Modul enthält eine zusätzliche Speichererweiterung für AEGIS-Upgrades ab Version 3.0. Das Modul ermöglicht lediglich Upgrades bis auf AEGIS-Version 3.3 wird durch den Upgrade-Prozess verbraucht.
		
	</td></tr>	
		
		
		
</table>		
]]>		
</tooltip></tswitem>		
