<?xml version="1.0" encoding="utf-8"?>		
<tswitem>		
<itemid>8762810</itemid>		
<name>Destruktives Explosionsmodul</name>		
<iconpath>8439338</iconpath>		
<quality>4</quality>		
		
		
<tooltip><![CDATA[		
		
<table width="100%"> 		
	<tr> 	
		<td align="left" class="tsw_tooltiptitle tsw_q;QL_VALUE;" colspan="2">Destruktives Explosionsmodul</td> </tr>
	<tr> 	
		<td align="left" class="tsw_infolabel" colspan="2">AEGIS-Modul (QS 2 )</td> </tr> 
	<tr> 	
		<td align="left" class="tsw_infolabel_slot" colspan="2">Wird durch Ausrüsten gebunden </td> </tr>  
	<tr> 	
		<td colspan="2"> <hr class="tsw_tooltip_hr"> </td>
		</tr> 
	<tr>	
		<td align="left" class="tsw_infolabel" colspan="2">
Ist Ihr AEGIS-Schild verbraucht, fügen Sie bis zu <font color='#FF6600'>5</font> Gegnern in einem Radius von <font color='#FF6600'>5</font> Metern <span class="tsw_q4">354</span> / <span class="tsw_q5">531</span> AEGIS-Schaden zu.


		
	</td></tr>	
		
		
		
</table>		
]]>		
</tooltip></tswitem>		
