<?xml version="1.0" encoding="utf-8"?>		
<tswitem>		
<itemid>8762828</itemid>		
<name>Verbessertes Aufhebungsmodul</name>		
<iconpath>8439338</iconpath>		
<quality>4</quality>		
		
		
<tooltip><![CDATA[		
		
<table width="100%"> 		
	<tr> 	
		<td align="left" class="tsw_tooltiptitle tsw_q;QL_VALUE;" colspan="2">Verbessertes Aufhebungsmodul</td> </tr>
	<tr> 	
		<td align="left" class="tsw_infolabel" colspan="2">AEGIS-Modul (QS 2 )</td> </tr> 
	<tr> 	
		<td align="left" class="tsw_infolabel_slot" colspan="2">Wird durch Ausrüsten gebunden </td> </tr>  
	<tr> 	
		<td colspan="2"> <hr class="tsw_tooltip_hr"> </td>
		</tr> 
	<tr>	
		<td align="left" class="tsw_infolabel" colspan="2">
Ist Ihr AEGIS-Schild verbraucht, werden bis zu <font color='#FF6600'>5</font> Gegner in einem Radius von <font color='#FF6600'>5</font> Metern behindert und können <span class="tsw_q4">2</span> / <span class="tsw_q5">3</span> Sekunden lang nicht agieren.


		
	</td></tr>	
		
		
		
</table>		
]]>		
</tooltip></tswitem>		
