<?xml version="1.0" encoding="utf-8"?>		
<tswitem>		
<itemid>8763716</itemid>		
<name>Verbessertes Wiederherstellungsmodul</name>		
<iconpath>8439338</iconpath>		
<quality>4</quality>		
		
		
<tooltip><![CDATA[		
		
<table width="100%"> 		
	<tr> 	
		<td align="left" class="tsw_tooltiptitle tsw_q;QL_VALUE;" colspan="2">Verbessertes Wiederherstellungsmodul</td> </tr>
	<tr> 	
		<td align="left" class="tsw_infolabel" colspan="2">AEGIS-Modul (QS 2 )</td> </tr> 
	<tr> 	
		<td align="left" class="tsw_infolabel_slot" colspan="2">Wird durch Ausrüsten gebunden </td> </tr>  
	<tr> 	
		<td colspan="2"> <hr class="tsw_tooltip_hr"> </td>
		</tr> 
	<tr>	
		<td align="left" class="tsw_infolabel" colspan="2">
Jedes Mal, wenn Sie einen Verbündeten heilen, dessen AEGIS-Schild dem Typ Ihrer AEGIS-Waffe entspricht, haben Sie eine <font color='#FF6600'>20 %</font>-Chance, <span class="tsw_q4">75</span> / <span class="tsw_q5">112</span> AEGIS-Stärke des aktuellen Schildes der Zielperson zu regenerieren.
		
	</td></tr>	
		
		
		
</table>		
]]>		
</tooltip></tswitem>		
