<?xml version="1.0" encoding="utf-8"?>		
<tswitem>		
<itemid>8764980</itemid>		
<name>Schnellwiederherstellungsmodul</name>		
<iconpath>8439338</iconpath>		
<quality>4</quality>		
		
		
<tooltip><![CDATA[		
		
<table width="100%"> 		
	<tr> 	
		<td align="left" class="tsw_tooltiptitle tsw_q;QL_VALUE;" colspan="2">Schnellwiederherstellungsmodul</td> </tr>
	<tr> 	
		<td align="left" class="tsw_infolabel" colspan="2">AEGIS-Modul (QS 2 )</td> </tr> 
	<tr> 	
		<td align="left" class="tsw_infolabel_slot" colspan="2">Wird durch Ausrüsten gebunden </td> </tr>  
	<tr> 	
		<td colspan="2"> <hr class="tsw_tooltip_hr"> </td>
		</tr> 
	<tr>	
		<td align="left" class="tsw_infolabel" colspan="2">
Erhöht die Regenerationsrate Ihres schützenden AEGIS-Controllers außerhalb von Kämpfen und steigert die regenerierte Menge um <span class="tsw_q4">40%</span> / <span class="tsw_q5">60%</span>.


		
	</td></tr>	
		
		
		
</table>		
]]>		
</tooltip></tswitem>		
