<?xml version="1.0" encoding="utf-8"?>		
<tswitem>		
<itemid>9121903</itemid>		
<name>Verbesserter Gegenschlag - Treffen</name>		
<iconpath>9121904</iconpath>		
<quality>5</quality>		
		
		
<tooltip><![CDATA[		
		
<table width="100%"> 		
	<tr> 	
		<td align="left" class="tsw_tooltiptitle tsw_q;QL_VALUE;" colspan="2">Verbesserter Gegenschlag - Treffen</td> </tr>
	<tr> 	
		<td align="left" class="tsw_infolabel" colspan="2">Gadget (QS 10 Episch)</td> </tr> 
	<tr> 	
		<td align="left" class="tsw_infolabel_slot" colspan="2">Charaktergebunden</td> </tr>  
	<tr> 	
		<td colspan="2"> <hr class="tsw_tooltip_hr"> </td>
		</tr> 
	<tr>	
		<td align="left" class="tsw_infolabel" colspan="2"><font color='#FFC600'>Gegenschlag:</font> <font color='#FF6600'>20</font> Sekunden lang besteht bei jedem Ihrer Treffer eine Chance von <font color='#FF6600'>30 %</font>, <font color='#FF6600'>4</font> Sekunden lang <br> 1: <font color='#FF6600'>464</font> Trefferwert <br> 2: <font color='#FF6600'>464</font> Blockwert <br> 3: <font color='#FF6600'>464</font> Kritischer Trefferwert<br>4: <font color='#FF6600'>464</font> Kritischer Treffer-Kraftwert<br>5: <font color='#FF6600'>464</font> Verteidigungswert<br>6: <font color='#FF6600'>503</font> Ausweichwert <br>7: <font color='#FF6600'>290</font> Körperlichen und Magischen Schutz<br>8: <font color='#FF6600'>464</font> Durchdringungswert<br> zu erhalten.

Belegt alle Gegenschläge mit <font color='#FF6600'>2</font> Minuten Abklingzeit.
		
	</td></tr>	
		
		
		
</table>		
]]>		
</tooltip></tswitem>		
