<?xml version="1.0" encoding="utf-8"?>		
<tswitem>		
<itemid>9141932</itemid>		
<name>Amulett von Yuggoth</name>		
<iconpath>7968578</iconpath>		
<quality>5</quality>		
		
		
<tooltip><![CDATA[		
		
<table width="100%"> 		
	<tr> 	
		<td align="left" class="tsw_tooltiptitle tsw_q;QL_VALUE;" colspan="2">Amulett von Yuggoth</td> </tr>
	<tr> 	
		<td align="left" class="tsw_infolabel" colspan="2">Halstalisman (QS 10.9 Episch)</td> </tr> 
	<tr> 	
		<td align="left" class="tsw_infolabel_slot" colspan="2">Charaktergebunden</td> </tr>  
	<tr> 	<td colspan="2"> <hr class="tsw_tooltip_hr"> </td><tr>
	<tr> 	<td align="left" width="5%" class="tsw_infolabel_hl"><font color='#FFC600'>+972</font> </td><td align="left" class="tsw_infolabel">Angriffswert </td> </tr>  
		
	<tr> 	<td colspan="2"> <hr class="tsw_tooltip_hr"> </td><tr>
	<tr>	
		<td align="left" class="tsw_infolabel" colspan="2">Immer wenn Sie einen kritischen Treffer erzielen, erhalten Sie einen positiven Effekt, der die Effektivität Ihres Kritischer-Treffer-Werts erhöht, und zwar <font color='#FF6600'>12</font> Sekunden lang. Die Dauer dieses Effekts wird bei erneutem Wirken nicht aufgefrischt.
		
	</td></tr>	
	<tr> 	<td colspan="3"> <hr class="tsw_tooltip_hr"> </td><tr>
	<tr>  	<td align="right" class="tsw_item_manastone"></td> 
		 <td align="left" class="tsw_infolabel_slot">leerer Glyphen Slot </td></tr>  
</table>		
]]>		
</tooltip></tswitem>		
