<?xml version="1.0" encoding="utf-8"?>		
<tswitem>		
<itemid>9141930</itemid>		
<name>Brown Jenkins' Kragen</name>		
<iconpath>9141930</iconpath>		
<quality>5</quality>		
		
		
<tooltip><![CDATA[		
		
<table width="100%"> 		
	<tr> 	
		<td align="left" class="tsw_tooltiptitle tsw_q;QL_VALUE;" colspan="2">Brown Jenkins' Kragen</td> </tr>
	<tr> 	
		<td align="left" class="tsw_infolabel" colspan="2">Halstalisman (QS 10.9 Episch)</td> </tr> 
	<tr> 	
		<td align="left" class="tsw_infolabel_slot" colspan="2">Charaktergebunden</td> </tr>  
	<tr> 	<td colspan="2"> <hr class="tsw_tooltip_hr"> </td><tr>
	<tr> 	<td align="left" width="5%" class="tsw_infolabel_hl"><font color='#FFC600'>+2728</font> </td><td align="left" class="tsw_infolabel">Gesundheit </td> </tr>  
		
	<tr> 	<td colspan="2"> <hr class="tsw_tooltip_hr"> </td><tr>
	<tr>	
		<td align="left" class="tsw_infolabel" colspan="2">Wenn Sie einem Angriff ausweichen, erhalten Sie einen positiven Effekt, der Ihre Kritischer-Treffer-Chance um <font color='#FF6600'>100%</font> erhöht, und zwar <font color='#FF6600'>1,5</font> Sekunden lang. Die Dauer dieses Effekts wird bei erneutem Wirken nicht verlängert.
		
	</td></tr>	
	<tr> 	<td colspan="3"> <hr class="tsw_tooltip_hr"> </td><tr>
	<tr>  	<td align="right" class="tsw_item_manastone"></td> 
		 <td align="left" class="tsw_infolabel_slot">leerer Glyphen Slot </td></tr>  
</table>		
]]>		
</tooltip></tswitem>		
