<?xml version="1.0" encoding="utf-8"?>		
<tswitem>		
<itemid>9141635</itemid>		
<name>Armschutz von Celephias</name>		
<iconpath>7968579</iconpath>		
<quality>5</quality>		
		
		
<tooltip><![CDATA[		
		
<table width="100%"> 		
	<tr> 	
		<td align="left" class="tsw_tooltiptitle tsw_q;QL_VALUE;" colspan="2">Armschutz von Celephias</td> </tr>
	<tr> 	
		<td align="left" class="tsw_infolabel" colspan="2">Handgelenktalisman (QS 10.9 Episch)</td> </tr> 
	<tr> 	
		<td align="left" class="tsw_infolabel_slot" colspan="2">Charaktergebunden</td> </tr>  
	<tr> 	<td colspan="2"> <hr class="tsw_tooltip_hr"> </td><tr>
	<tr> 	<td align="left" width="5%" class="tsw_infolabel_hl"><font color='#FFC600'>+2728</font> </td><td align="left" class="tsw_infolabel">Gesundheit </td> </tr>  
		
	<tr> 	<td colspan="2"> <hr class="tsw_tooltip_hr"> </td><tr>
	<tr>	
		<td align="left" class="tsw_infolabel" colspan="2">Immer wenn Sie angegriffen werden, erhalten Sie einen Stapel eines positiven Effekts, der Ihre Ausweichchance um <font color='#FF6600'>5%</font> pro Stapel erhöht. Dieser Effekt wird nach einem erfolgreichen Ausweichen entfernt.
		
	</td></tr>	
	<tr> 	<td colspan="3"> <hr class="tsw_tooltip_hr"> </td><tr>
	<tr>  	<td align="right" class="tsw_item_manastone"></td> 
		 <td align="left" class="tsw_infolabel_slot">leerer Glyphen Slot </td></tr>  
</table>		
]]>		
</tooltip></tswitem>		
