<?xml version="1.0" encoding="utf-8"?>		
<tswitem>		
<itemid>9142485</itemid>		
<name>Blut des Tiefenkönigs</name>		
<iconpath>9142485</iconpath>		
<quality>5</quality>		
		
		
<tooltip><![CDATA[		
		
<table width="100%"> 		
	<tr> 	
		<td align="left" class="tsw_tooltiptitle tsw_q;QL_VALUE;" colspan="2">Blut des Tiefenkönigs</td> </tr>
	<tr> 	
		<td align="left" class="tsw_infolabel" colspan="2">Kopftalisman (QS 10.9 Episch)</td> </tr> 
	<tr> 	
		<td align="left" class="tsw_infolabel_slot" colspan="2">Charaktergebunden</td> </tr>  
	<tr> 	<td colspan="2"> <hr class="tsw_tooltip_hr"> </td><tr>
	<tr> 	<td align="left" width="5%" class="tsw_infolabel_hl"><font color='#FFC600'>+1077</font> </td><td align="left" class="tsw_infolabel">Heilungswert </td> </tr>  
		
	<tr> 	<td colspan="2"> <hr class="tsw_tooltip_hr"> </td><tr>
	<tr>	
		<td align="left" class="tsw_infolabel" colspan="2">Wenn Sie einen Verbündeten kritisch heilen, gewähren Sie ihm einen positiven Effekt, der seinen Block-, Ausweich- und Verteidigungswert um <font color='#FF6600'>CR/2.5</font> senkt, und zwar <font color='#FF6600'>7</font> Sekunden lang Die Erhöhung steigt mit Ihrem Kritischer Treffer-Wert. Die Dauer dieses Effekts wird bei erneutem Wirken nicht verlängert.
		
	</td></tr>	
	<tr> 	<td colspan="3"> <hr class="tsw_tooltip_hr"> </td><tr>
	<tr>  	<td align="right" class="tsw_item_manastone"></td> 
		 <td align="left" class="tsw_infolabel_slot">leerer Glyphen Slot </td></tr>  
</table>		
]]>		
</tooltip></tswitem>		
