<?xml version="1.0" encoding="utf-8"?>		
<tswitem>		
<itemid>9176541</itemid>		
<name>Siegel des eifrigen Heilers</name>		
<iconpath>200006</iconpath>		
<quality>7</quality>		
		
		
<tooltip><![CDATA[		
		
<table width="100%"> 		
	<tr> 	
		<td align="left" class="tsw_tooltiptitle tsw_q;QL_VALUE;" colspan="2">Siegel des eifrigen Heilers</td> </tr>
	<tr> 	
		<td align="left" class="tsw_infolabel" colspan="2">Siegel (QS 10)</td> </tr> 
	<tr> 	
		<td align="left" class="tsw_infolabel_slot" colspan="2">Handelbar</td> </tr>  
	<tr> 	
		<td colspan="2"> <hr class="tsw_tooltip_hr"> </td>
		</tr> 
	<tr>	
		<td align="left" class="tsw_infolabel" colspan="2">
      Effekt: Wenn Sie einen Verbündeten mit weniger als <font color='#FF6600'>50 %</font> Gesundheit direkt heilen, haben Sie eine <span class="tsw_q3">10%</span>/<span class="tsw_q4">20%</span>/<span class="tsw_q5">30%</span>-Chance, für beide Waffen eine Ressource zu erhalten. Dieses Siegel kann an Kopftalismanen oder Waffen angebracht werden.


		
	</td></tr>	
		
		
		
</table>		
]]>		
</tooltip></tswitem>		
