<?xml version="1.0" encoding="utf-8"?>		
<tswitem>		
<itemid>9176928</itemid>		
<name>Siegel der ständigen Bewegung</name>		
<iconpath>200022</iconpath>		
<quality>7</quality>		
		
		
<tooltip><![CDATA[		
		
<table width="100%"> 		
	<tr> 	
		<td align="left" class="tsw_tooltiptitle tsw_q;QL_VALUE;" colspan="2">Siegel der ständigen Bewegung</td> </tr>
	<tr> 	
		<td align="left" class="tsw_infolabel" colspan="2">Siegel (QS 10)</td> </tr> 
	<tr> 	
		<td align="left" class="tsw_infolabel_slot" colspan="2">Handelbar</td> </tr>  
	<tr> 	
		<td colspan="2"> <hr class="tsw_tooltip_hr"> </td>
		</tr> 
	<tr>	
		<td align="left" class="tsw_infolabel" colspan="2">
      Effekt: Solange Sie in Bewegung sind, erhalten Sie einen positiven Effekt, der Ihren Schaden um <span class="tsw_q3">4%</span>/<span class="tsw_q4">8%</span>/<span class="tsw_q5">12%</span> erhöht. Bleiben Sie stehen, wird der Effekt entfernt.  Wird dieser Effekt entfernt, kann er <font color='#FF6600'>4</font> Sekunden lang nicht reaktiviert werden. Dieses Siegel kann an Kopftalismanen angebracht werden.


		
	</td></tr>	
		
		
		
</table>		
]]>		
</tooltip></tswitem>		
