<?xml version="1.0" encoding="utf-8"?>		
<tswitem>		
<itemid>9184549</itemid>		
<name>Siegel des Beschützerzorns</name>		
<iconpath>200003</iconpath>		
<quality>7</quality>		
		
		
<tooltip><![CDATA[		
		
<table width="100%"> 		
	<tr> 	
		<td align="left" class="tsw_tooltiptitle tsw_q;QL_VALUE;" colspan="2">Siegel des Beschützerzorns</td> </tr>
	<tr> 	
		<td align="left" class="tsw_infolabel" colspan="2">Siegel (QS 10)</td> </tr> 
	<tr> 	
		<td align="left" class="tsw_infolabel_slot" colspan="2">Handelbar</td> </tr>  
	<tr> 	
		<td colspan="2"> <hr class="tsw_tooltip_hr"> </td>
		</tr> 
	<tr>	
		<td align="left" class="tsw_infolabel" colspan="2">
      Effekt: Wenn Sie einen Verbündeten heilen, haben Sie eine <span class="tsw_q3">7%</span>/<span class="tsw_q4">14%</span>/<span class="tsw_q5">21%</span>-Chance, Gegnern im Umkreis von <font color='#FF6600'>5</font> Metern um den Verbündeten <font color='#FF6600'>24</font> Schaden zuzufügen. Der verursachte Schaden steigt mit Ihrem Heilungswert. Dieses Siegel kann an großen Talismanen angebracht werden.


		
	</td></tr>	
		
		
		
</table>		
]]>		
</tooltip></tswitem>		
