<?xml version="1.0" encoding="utf-8"?>		
<tswitem>		
<itemid>9185393</itemid>		
<name>Siegel des Todesfluchs</name>		
<iconpath>200002</iconpath>		
<quality>7</quality>		
		
		
<tooltip><![CDATA[		
		
<table width="100%"> 		
	<tr> 	
		<td align="left" class="tsw_tooltiptitle tsw_q;QL_VALUE;" colspan="2">Siegel des Todesfluchs</td> </tr>
	<tr> 	
		<td align="left" class="tsw_infolabel" colspan="2">Siegel (QS 10)</td> </tr> 
	<tr> 	
		<td align="left" class="tsw_infolabel_slot" colspan="2">Handelbar</td> </tr>  
	<tr> 	
		<td colspan="2"> <hr class="tsw_tooltip_hr"> </td>
		</tr> 
	<tr>	
		<td align="left" class="tsw_infolabel" colspan="2">
      Effekt: Sinkt Ihre Gesundheit unter <font color='#FF6600'>10 %</font>, sind Sie <font color='#FF6600'>3</font> Sekunden lang stumm und unbesiegbar. Wenn dieser Effekt endet, werden Sie besiegt und fügen Gegnern in Ihrer Nähe <span class="tsw_q3">1000</span>/<span class="tsw_q4">2000</span>/<span class="tsw_q5">3000</span> körperlichen Schaden zu. Werden Sie auf diese Weise besiegt, erleiden Ihre ausgerüsteten Waffen und Talismane Schaden. Dieses Siegel kann an großen Talismanen angebracht werden.

    	
	</td></tr>	
		
		
		
</table>		
]]>		
</tooltip></tswitem>		
