<?xml version="1.0" encoding="utf-8"?>		
<tswitem>		
<itemid>9186106</itemid>		
<name>Siegel der Verleumdung</name>		
<iconpath>200009</iconpath>		
<quality>7</quality>		
		
		
<tooltip><![CDATA[		
		
<table width="100%"> 		
	<tr> 	
		<td align="left" class="tsw_tooltiptitle tsw_q;QL_VALUE;" colspan="2">Siegel der Verleumdung</td> </tr>
	<tr> 	
		<td align="left" class="tsw_infolabel" colspan="2">Siegel (QS 10)</td> </tr> 
	<tr> 	
		<td align="left" class="tsw_infolabel_slot" colspan="2">Handelbar</td> </tr>  
	<tr> 	
		<td colspan="2"> <hr class="tsw_tooltip_hr"> </td>
		</tr> 
	<tr>	
		<td align="left" class="tsw_infolabel" colspan="2">
      Treffen Sie ein Ziel, das weiter als <font color='#FF6600'>5</font> Meter von Ihnen entfernt ist, fügen Sie ihm <span class="tsw_q3">125</span>/<span class="tsw_q4">250</span>/<span class="tsw_q5">375</span>  zusätzlichen körperlichen Schaden zu. Dieser zusätzliche Schaden kann nicht geblockt werden und ist niemals ein Streiftreffer. Dieses Siegel kann an kleinen Talismanen angebracht werden.
		
	</td></tr>	
		
		
		
</table>		
]]>		
</tooltip></tswitem>		
