﻿<?xml version="1.0" encoding="utf-8"?>
<tswitem>
<itemid>100007</itemid>
<name>Egon Pendant</name>
<iconpath>100007</iconpath>
<quality>5</quality>


<tooltip><![CDATA[

<table width="100%"> 
	<tr> 
		<td align="left" class="tsw_tooltiptitle tsw_q;QL_VALUE;" colspan="2">Egon Pendant</td> </tr>
	<tr> 
		<td align="left" class="tsw_infolabel" colspan="2">Neck Talisman (QL 10.4 Epic)</td></tr> 
	<tr> 
		 <td align="left" class="tsw_infolabel_slot" colspan="2">Character Bound </td></tr>  
	<tr> 
		<td colspan="2"> <hr class="tsw_tooltip_hr"> </td>
		</tr> 
	<tr>
		<td align="left" width="5%"class="tsw_infolabel_hl">+664</td> 
		<td align="left" class="tsw_infolabel">Attack Rating</td> </tr> 
	<tr> 
		<td colspan="2"> <hr class="tsw_tooltip_hr"> </td>
	</tr>
	<tr>
		<td align="left" class="tsw_infolabel" colspan="2">Whenever you critically hit, you gain a beneficial effect that increases the effectiveness of your Critical Rating for <span class="tsw_infolabel_hl">12</span> seconds. The duration of this effect is not refreshed when reapplied.

</td></tr>
	<tr> 
		<td colspan="3"> <hr class="tsw_tooltip_hr"> </td>
	</tr> 
	
	<tr>  
		<td width="5%" align="center" class="tsw_item_manastone"> </td> 
		 <td width="95%" align="left" class="tsw_infolabel_slot">Empty Glyph Slot</td></tr>  
	

</table>
]]>
</tooltip></tswitem>