﻿<?xml version="1.0" encoding="utf-8"?>
<tswitem>
<itemid>200023</itemid>
<name>Signet of Interdiction</name>
<iconpath>200007</iconpath>
<quality>5</quality>


<tooltip><![CDATA[

<table width="100%"> 
	<tr> 
		<td align="left" class="tsw_tooltiptitle tsw_q;QL_VALUE;" colspan="2">Signet of Interdiction</td> </tr>
	<tr> 
		<td align="left" class="tsw_infolabel" colspan="2">Signet (QL 10)</td> </tr> 
	<tr> <td colspan="2"> <hr class="tsw_tooltip_hr"> </td>
		 </tr>  
	<tr> 
		
		</tr> 
		<tr>
		<td align="left" class="tsw_infolabel" colspan="2">When you impair a target, you are healed for <span class="tsw_q3">55</span>/<span class="tsw_q4">111</span>/<span class="tsw_q5">166</span> every <span class="tsw_infolabel_hl">2</span> seconds for <span class="tsw_infolabel_hl">6</span> seconds. This Signet can be attached to Head Talismans or Weapons.
	</td></tr>

	

</table>
]]>
</tooltip></tswitem>
