﻿<?xml version="1.0" encoding="utf-8"?>
<tswitem>
<itemid>200019</itemid>
<name>Signet of Opportunism</name>
<iconpath>200007</iconpath>
<quality>5</quality>


<tooltip><![CDATA[

<table width="100%"> 
	<tr> 
		<td align="left" class="tsw_tooltiptitle tsw_q;QL_VALUE;" colspan="2">Signet of Opportunism</td> </tr>
	<tr> 
		<td align="left" class="tsw_infolabel" colspan="2">Signet (QL 10)</td> </tr> 
	<tr> <td colspan="2"> <hr class="tsw_tooltip_hr"> </td>
		 </tr>  
	<tr> 
		
		</tr> 
		<tr>
		<td align="left" class="tsw_infolabel" colspan="2">When you hit an afflicted target you have a <span class="tsw_infolabel_hl">10</span> chance to hit them for an additional <span class="tsw_q3">74</span>/<span class="tsw_q4">149</span>/<span class="tsw_q5">223</span> magical damage.  This Signet can be attached to Head Talismans or Weapons.
	</td></tr>

	

</table>
]]>
</tooltip></tswitem>
