﻿<?xml version="1.0" encoding="utf-8"?>
<tswitem>
<itemid>200024</itemid>
<name>Signet of Obedience</name>
<iconpath>200007</iconpath>
<quality>5</quality>


<tooltip><![CDATA[

<table width="100%"> 
	<tr> 
		<td align="left" class="tsw_tooltiptitle tsw_q;QL_VALUE;" colspan="2">Signet of Obedience</td> </tr>
	<tr> 
		<td align="left" class="tsw_infolabel" colspan="2">Signet (QL 10)</td> </tr> 
	<tr> <td colspan="2"> <hr class="tsw_tooltip_hr"> </td>
		 </tr>  
	<tr> 
		
		</tr> 
		<tr>
		<td align="left" class="tsw_infolabel" colspan="2">When you hit an impaired target, you gain increased damage of <span class="tsw_q3">2%</span>/<span class="tsw_q4">4%</span>/<span class="tsw_q5">6%</span> per stack for <span class="tsw_infolabel_hl">5</span> seconds, up to <span class="tsw_infolabel_hl">3</span> stacks. This Signet can be attached to Head Talismans or Weapons.
	</td></tr>

	

</table>
]]>
</tooltip></tswitem>
