﻿<?xml version="1.0" encoding="utf-8"?>
<tswitem>
<itemid>200012</itemid>
<name>Signet of Valour</name>
<iconpath>200006</iconpath>
<quality>5</quality>


<tooltip><![CDATA[

<table width="100%"> 
	<tr> 
		<td align="left" class="tsw_tooltiptitle tsw_q;QL_VALUE;" colspan="2">Signet of Valour</td> </tr>
	<tr> 
		<td align="left" class="tsw_infolabel" colspan="2">Signet (QL 10)</td> </tr> 
	<tr> <td colspan="2"> <hr class="tsw_tooltip_hr"> </td>
		 </tr>  
	<tr> 
		
		</tr> 
		<tr>
		<td align="left" class="tsw_infolabel" colspan="2">When you critically hit a target you gain a barrier that absorbs <span class="tsw_q3">40</span>/<span class="tsw_q4">80</span>/<span class="tsw_q5">120</span> points of damage and lasts <span class="tsw_infolabel_hl">10</span> seconds. This Signet can be attached to Head Talismans or Weapons.
	</td></tr>

	

</table>
]]>
</tooltip></tswitem>
