﻿<?xml version="1.0" encoding="utf-8"?>
<tswitem>
<itemid>200018</itemid>
<name>Signet of Laceration</name>
<iconpath>200008</iconpath>
<quality>5</quality>


<tooltip><![CDATA[

<table width="100%"> 
	<tr> 
		<td align="left" class="tsw_tooltiptitle tsw_q;QL_VALUE;" colspan="2">Signet of Laceration</td> </tr>
	<tr> 
		<td align="left" class="tsw_infolabel" colspan="2">Signet (QL 10)</td> </tr> 
	<tr> <td colspan="2"> <hr class="tsw_tooltip_hr"> </td>
		 </tr>  
	<tr> 
		
		</tr> 
		<tr>
		<td align="left" class="tsw_infolabel" colspan="2">When you critically hit a target, you gain a critical damage increase of gain <span class="tsw_q3">8%</span>/<span class="tsw_q4">16%</span>/<span class="tsw_q5">24%</span> for <span class="tsw_infolabel_hl">15</span> seconds. <span class="tsw_infolabel_hl">15</span> second cooldown. 
	</td></tr>

	

</table>
]]>
</tooltip></tswitem>
