﻿<?xml version="1.0" encoding="utf-8"?>
<tswitem>
<itemid>200049</itemid>
<name>Signet of Salvation</name>
<iconpath>200011</iconpath>
<quality>5</quality>


<tooltip><![CDATA[

<table width="100%"> 
	<tr> 
		<td align="left" class="tsw_tooltiptitle tsw_q;QL_VALUE;" colspan="2">Signet of Salvation</td> </tr>
	<tr> 
		<td align="left" class="tsw_infolabel" colspan="2">Signet (QL 10)</td> </tr> 
	<tr> <td colspan="2"> <hr class="tsw_tooltip_hr"> </td>
		 </tr>  
	<tr> 
		
		</tr> 
		<tr>
		<td align="left" class="tsw_infolabel" colspan="2">When you block, evade or glanced you gain <span class="tsw_q3">2%</span>/<span class="tsw_q4">4%</span>/<span class="tsw_q5">6%</span> damage reduction for <span class="tsw_infolabel_hl">5</span> seconds. <span class="tsw_infolabel_hl">6</span> seconds cooldown. This Signet can be attached to Minor Talismans.
	</td></tr>

	

</table>
]]>
</tooltip></tswitem>
