﻿<?xml version="1.0" encoding="utf-8"?>
<tswitem>
<itemid>200005</itemid>
<name>Signet of Discipline</name>
<iconpath>200005</iconpath>
<quality>5</quality>


<tooltip><![CDATA[

<table width="100%"> 
	<tr> 
		<td align="left" class="tsw_tooltiptitle tsw_q;QL_VALUE;" colspan="2">Signet of Discipline</td> </tr>
	<tr> 
		<td align="left" class="tsw_infolabel" colspan="2">Signet (QL 10)</td> </tr> 
	<tr> <td colspan="2"> <hr class="tsw_tooltip_hr"> </td>
		 </tr>  
	<tr> 
		
		</tr> 
		<tr>
		<td align="left" class="tsw_infolabel" colspan="2">When you are glanced you gain <span class="tsw_q3">116</span>/<span class="tsw_q4">232</span>/<span class="tsw_q5">349</span> Defence Raiting for <span class="tsw_infolabel_hl">8</span> seconds. <span class="tsw_infolabel_hl">8</span> second cooldown. This Signet can be attached to Head Talismans.
	</td></tr>

	

</table>
]]>
</tooltip></tswitem>
