﻿<?xml version="1.0" encoding="utf-8"?>
<tswitem>
<itemid>200011</itemid>
<name>Signet of Cruel Delight</name>
<iconpath>200007</iconpath>
<quality>5</quality>


<tooltip><![CDATA[

<table width="100%"> 
	<tr> 
		<td align="left" class="tsw_tooltiptitle tsw_q;QL_VALUE;" colspan="2">Signet of Cruel Delight</td> </tr>
	<tr> 
		<td align="left" class="tsw_infolabel" colspan="2">Signet (QL 10)</td> </tr> 
	<tr> <td colspan="2"> <hr class="tsw_tooltip_hr"> </td>
		 </tr>  
	<tr> 
		
		</tr> 
		<tr>
		<td align="left" class="tsw_infolabel" colspan="2">When you hit a weakened target, you have a <span class="tsw_infolabel_hl">5%</span> chance to be healed for <span class="tsw_q3">66</span>/<span class="tsw_q4">132</span>/<span class="tsw_q5">199</span> every <span class="tsw_infolabel_hl">2</span> seconds for <span class="tsw_infolabel_hl">8</span> seconds. This Signet can be attached to Head Talismans or Weapons.
	</td></tr>

	

</table>
]]>
</tooltip></tswitem>
