﻿<?xml version="1.0" encoding="utf-8"?>
<tswitem>
<itemid>8131219</itemid>
<name>Castigator of the Elder Nigh</name>
<iconpath>8131219</iconpath>
<quality>5</quality>


<tooltip><![CDATA[

<table width="100%"> 
	<tr> 
		<td align="left" class="tsw_tooltiptitle tsw_q;QL_VALUE;" colspan="2">Castigator of the Elder Nigh</td> </tr>
	<tr> 
		<td align="left" class="tsw_infolabel" colspan="2">Hammer (QL 10.1 Epic)</td> </tr> 
	<tr> 
		<td align="left" class="tsw_infolabel_slot" colspan="2"> Character Bound</td> </tr>  
	<tr> 
		<td colspan="2"> <hr class="tsw_tooltip_hr"> </td>
		</tr> 
	<tr>
		<td align="left" width="5%"class="tsw_infolabel_hl">+411</td> 
		<td align="left" class="tsw_infolabel">Weapon Power</td> </tr> 
	<tr> 
		<td colspan="2"> <hr class="tsw_tooltip_hr"> </td>
	</tr>
	<tr>
		<td width="5%" align="center" class="tsw_item_manastone"></td>
		<td width="95%" align="left" class="tsw_infolabel_slot">Empty Glyph Slot </td></tr>
	<tr>  
		<td width="5%" align="center" class="tsw_item_manastone"> </td> 
		 <td width="95%" align="left" class="tsw_infolabel_slot">leerer Siegel Slot </td></tr>  
	

</table>
]]>
</tooltip></tswitem>
