<?xml version="1.0" encoding="utf-8"?>	
	<tswitem>
	<itemid>8258596</itemid>
	<name>Rampant Augment Resonator</name>
	<iconpath>8258596</iconpath>
	<quality>4</quality>
	
	
	<tooltip><![CDATA[
	
	<table width="100%"> 
		<tr> 
	<td align="left" class="tsw_tooltiptitle tsw_q;QL_VALUE;" colspan="2">Rampant Augment Resonator</td> </tr>
		<tr> 
	<td align="left" colspan="2">An unattuned <font color='#F6E632'>support</font> augment.</td>
		<tr> <td colspan="2"> <hr class="tsw_tooltip_hr"> </td>
			 </tr>  
		<tr> 
			
			</tr> 
			<tr>
	<td align="left" class="tsw_infolabel" colspan="2">Resonating this augment to an active ability will increase the number of targets affected by <span class="tsw_q2">1</span>/ <span class="tsw_q3">2</span>/ <span class="tsw_q4">3</span>/ <span class="tsw_q5">4</span>/ <span class="tsw_q6">5</span>. Resonating this augment to a single target ability has no effect. 

		</td></tr>
	<tr> <td colspan="2"> <hr class="tsw_tooltip_hr"> </td> </tr>
	<tr>  
	<td>To attune this augment, place it in the assembly window with:
	 <ul>
	<li>2 Attuned Curing Augment Resonators</li>
	<li>30 Pure wheel runes</li>
	<li>30 Pure metal</li>
	</ul> 
	</td></tr>
	
	</table>
	]]>
	</tooltip></tswitem>