<?xml version="1.0" encoding="utf-8"?>	
	<tswitem>
	<itemid>8258705</itemid>
	<name>Draining Augment Resonator</name>
	<iconpath>8258705</iconpath>
	<quality>4</quality>
	
	
	<tooltip><![CDATA[
	
	<table width="100%"> 
		<tr> 
	<td align="left" class="tsw_tooltiptitle tsw_q;QL_VALUE;" colspan="2">Draining Augment Resonator</td> </tr>
		<tr> 
<td align="left" colspan="2">An unattuned <font color='#1CF286'>healing</font> augment.</td>
		<tr> <td colspan="2"> <hr class="tsw_tooltip_hr"> </td>
			 </tr>  
		<tr> 
			
			</tr> 
			<tr>
	<td align="left" class="tsw_infolabel" colspan="2">Resonating this augment to an active ability will increase the power of leech effects by <span class="tsw_q2">1%</span>/ <span class="tsw_q3">2%</span>/ <span class="tsw_q4">3%</span>/ <span class="tsw_q5">4%</span>/ <span class="tsw_q6">5%</span> for this ability.

		</td></tr>
	<tr> <td colspan="2"> <hr class="tsw_tooltip_hr"> </td> </tr>
	<tr>  
	<td>To attune this augment, place it in the assembly window with:
	 <ul>
	<li>2 Attuned Mending Augment Resonators</li>
	<li>60 Pure dust</li>
	</ul> 
	</td></tr>
	
	</table>
	]]>
	</tooltip></tswitem>