﻿<?xml version="1.0" encoding="utf-8"?>
<tswitem>
<itemid>100020</itemid>
<name>Final Assault</name>
<iconpath>100020</iconpath>
<quality>5</quality>


<tooltip><![CDATA[

<table width="100%"> 
	<tr> 
		<td align="left" class="tsw_tooltiptitle tsw_q;QL_VALUE;" colspan="2">Final Assault</td> </tr>
	<tr> 
		<td align="left" class="tsw_infolabel" colspan="2">Assault-Rifle (QL 10.4 Epic)</td> </tr> 
	<tr> 
		<td align="left" class="tsw_infolabel_slot" colspan="2">Character Bound</td> </tr>  
	<tr> 
		<td colspan="2"> <hr class="tsw_tooltip_hr"> </td>
		</tr> 
	<tr>
		<td align="left" width="5%"class="tsw_infolabel_hl">+446</td> 
		<td align="left" class="tsw_infolabel">Weapon Power</td> </tr> 
	<tr> 
		<td colspan="2"> <hr class="tsw_tooltip_hr"> </td>
	</tr>
	<tr>
		<td width="5%" align="center" class="tsw_item_manastone"></td>
		<td width="95%" align="left" class="tsw_infolabel_slot">Empty Glyph Slot</td></tr>
	<tr>  
		<td width="5%" align="center" class="tsw_item_manastone"> </td> 
		 <td width="95%" align="left" class="tsw_infolabel_slot">Empty Signet Slot</td></tr>  
	

</table>
]]>
</tooltip></tswitem>
