﻿<?xml version="1.0" encoding="utf-8"?>
<tswitem>
<itemid>200021</itemid>
<name>Signet of Detainment</name>
<iconpath>200007</iconpath>
<quality>5</quality>


<tooltip><![CDATA[

<table width="100%"> 
	<tr> 
		<td align="left" class="tsw_tooltiptitle tsw_q;QL_VALUE;" colspan="2">Signet of Detainment</td> </tr>
	<tr> 
		<td align="left" class="tsw_infolabel" colspan="2">Signet (QL 10)</td> </tr> 
	<tr> <td colspan="2"> <hr class="tsw_tooltip_hr"> </td>
		 </tr>  
	<tr> 
		
		</tr> 
		<tr>
		<td align="left" class="tsw_infolabel" colspan="2">Your hinder effects last <span class="tsw_q3">10%</span>/<span class="tsw_q4">20%</span>/<span class="tsw_q5">30%</span> longer. This Signet can be attached to Head Talismans or Weapons.
	</td></tr>

	

</table>
]]>
</tooltip></tswitem>
