﻿<?xml version="1.0" encoding="utf-8"?>
<tswitem>
<itemid>200003</itemid>
<name>Signet of Vigour</name>
<iconpath>200003</iconpath>
<quality>5</quality>


<tooltip><![CDATA[

<table width="100%"> 
	<tr> 
		<td align="left" class="tsw_tooltiptitle tsw_q;QL_VALUE;" colspan="2">Signet of Vigour</td> </tr>
	<tr> 
		<td align="left" class="tsw_infolabel" colspan="2">Signet (QL 10)</td> </tr> 
	<tr> <td colspan="2"> <hr class="tsw_tooltip_hr"> </td>
		 </tr>  
	<tr> 
		
		</tr> 
		<tr>
		<td align="left" class="tsw_infolabel" colspan="2">Your healt raiting is increase by <span class="tsw_q3">165</span>/<span class="tsw_q4">330</span>/<span class="tsw_q5">494</span>. This Signet can be attached to Major Talismans.


	</td></tr>

	

</table>
]]>
</tooltip></tswitem>
