﻿<?xml version="1.0" encoding="utf-8"?>
<tswitem>
<itemid>200059</itemid>
<name>Aux Weapon Mod</name>
<iconpath>200019</iconpath>
<quality>5</quality>


<tooltip><![CDATA[

<table width="100%"> 
	<tr> 
		<td align="left" class="tsw_tooltiptitle tsw_q;QL_VALUE;" colspan="2">Aux Weapon Mod</td> </tr>
	<tr> 
		<td align="left" class="tsw_infolabel" colspan="2">Signet (QL 10)</td> </tr> 
	<tr> <td colspan="2"> <hr class="tsw_tooltip_hr"> </td>
		 </tr>  
	<tr> 
		
		</tr> 
		<tr>
		<td align="left" class="tsw_infolabel" colspan="2">Can be attached to auxiliary weapons to improve specific abilities. Preview this using a succesful recipe in the Assembley window to see the effect.
	</td></tr>

	

</table>
]]>
</tooltip></tswitem>
