﻿<?xml version="1.0" encoding="utf-8"?>
<tswitem>
<itemid>200017</itemid>
<name>Signet of Fury</name>
<iconpath>200008</iconpath>
<quality>5</quality>


<tooltip><![CDATA[

<table width="100%"> 
	<tr> 
		<td align="left" class="tsw_tooltiptitle tsw_q;QL_VALUE;" colspan="2">Signet of Fury</td> </tr>
	<tr> 
		<td align="left" class="tsw_infolabel" colspan="2">Signet (QL 10)</td> </tr> 
	<tr> <td colspan="2"> <hr class="tsw_tooltip_hr"> </td>
		 </tr>  
	<tr> 
		
		</tr> 
		<tr>
		<td align="left" class="tsw_infolabel" colspan="2">When you achieve <span class="tsw_infolabel_hl">10</span> hits you gain <span class="tsw_q3">5%</span>/<span class="tsw_q4">10%</span>/<span class="tsw_q5">15%</span> damage increase for <span class="tsw_infolabel_hl">6</span> seconds. <span class="tsw_infolabel_hl">6</span> second cooldown. This Signet can be attached to Head Talismans or Weapons.
	</td></tr>

	

</table>
]]>
</tooltip></tswitem>
