﻿<?xml version="1.0" encoding="utf-8"?>
<tswitem>
<itemid>200010</itemid>
<name>Signet of Temperance</name>
<iconpath>200006</iconpath>
<quality>5</quality>


<tooltip><![CDATA[

<table width="100%"> 
	<tr> 
		<td align="left" class="tsw_tooltiptitle tsw_q;QL_VALUE;" colspan="2">Signet of Temperance</td> </tr>
	<tr> 
		<td align="left" class="tsw_infolabel" colspan="2">Signet (QL 10)</td> </tr> 
	<tr> <td colspan="2"> <hr class="tsw_tooltip_hr"> </td>
		 </tr>  
	<tr> 
		
		</tr> 
		<tr>
		<td align="left" class="tsw_infolabel" colspan="2">When you heal a target below <span class="tsw_infolabel_hl">50%</span> health they are healed for <span class="tsw_q3">31</span>/<span class="tsw_q4">63</span>/<span class="tsw_q5">94</span> every <span class="tsw_infolabel_hl">2</span> seconds for <span class="tsw_infolabel_hl">8</span> seconds. <span class="tsw_infolabel_hl">8</span> second cooldown. This Signet can be attached to Head or Weapons.
	</td></tr>

	

</table>
]]>
</tooltip></tswitem>
