﻿<?xml version="1.0" encoding="utf-8"?>
<tswitem>
<itemid>200050</itemid>
<name>Signet of Ablation</name>
<iconpath>200011</iconpath>
<quality>5</quality>


<tooltip><![CDATA[

<table width="100%"> 
	<tr> 
		<td align="left" class="tsw_tooltiptitle tsw_q;QL_VALUE;" colspan="2">Signet of Ablation</td> </tr>
	<tr> 
		<td align="left" class="tsw_infolabel" colspan="2">Signet (QL 10)</td> </tr> 
	<tr> <td colspan="2"> <hr class="tsw_tooltip_hr"> </td>
		 </tr>  
	<tr> 
		
		</tr> 
		<tr>
		<td align="left" class="tsw_infolabel" colspan="2">When your health is below <span class="tsw_infolabel_hl">50%</span> the next <span class="tsw_infolabel_hl">5</span> hits against you do <span class="tsw_q3">9%</span>/<span class="tsw_q4">17%</span>/<span class="tsw_q5">25%</span>  less damage. <span class="tsw_infolabel_hl">12</span> seconds cooldown. This Signet can be attached to Minor Talismans.
	</td></tr>

	

</table>
]]>
</tooltip></tswitem>
