﻿<?xml version="1.0" encoding="utf-8"?>
<tswitem>
<itemid>200008</itemid>
<name>Signet of Resilience</name>
<iconpath>200005</iconpath>
<quality>5</quality>


<tooltip><![CDATA[

<table width="100%"> 
	<tr> 
		<td align="left" class="tsw_tooltiptitle tsw_q;QL_VALUE;" colspan="2">Signet of Resilience</td> </tr>
	<tr> 
		<td align="left" class="tsw_infolabel" colspan="2">Signet (QL 10)</td> </tr> 
	<tr> <td colspan="2"> <hr class="tsw_tooltip_hr"> </td>
		 </tr>  
	<tr> 
		
		</tr> 
		<tr>
		<td align="left" class="tsw_infolabel" colspan="2">When you block you gain <span class="tsw_q3">50</span>/<span class="tsw_q4">100</span>/<span class="tsw_q5">150</span> physical and magical protection per stack for <span class="tsw_infolabel_hl">4</span> seconds, up to <span class="tsw_infolabel_hl">3</span>stacks. This Signet can be attached to Head Talismans.
	</td></tr>

	

</table>
]]>
</tooltip></tswitem>
