<?xml version="1.0" encoding="utf-8"?>	
	<tswitem>
	<itemid>8258750</itemid>
	<name>Inescapable Augment Resonator</name>
	<iconpath>8258750</iconpath>
	<quality>5</quality>
	
	
	<tooltip><![CDATA[
	
	<table width="100%"> 
		<tr> 
	<td align="left" class="tsw_tooltiptitle tsw_q;QL_VALUE;" colspan="2">Inescapable Augment Resonator</td> </tr>
		<tr> 
	<td align="left" colspan="2">An unattuned <font color='#FF2F1F'>damage</font> augment.</td>
		<tr> <td colspan="2"> <hr class="tsw_tooltip_hr"> </td>
			 </tr>  
		<tr> 
			
			</tr> 
			<tr>
	<td align="left" class="tsw_infolabel" colspan="2">Resonating this augment to an active ability will decrease the chance that your target evades this ability by <span class="tsw_q2">1,5%</span>/ <span class="tsw_q3">3%</span>/ <span class="tsw_q4">4,5%</span>/ <span class="tsw_q5">6%</span>/ <span class="tsw_q6">7,5%</span>.

		</td></tr>
	<tr> <td colspan="2"> <hr class="tsw_tooltip_hr"> </td> </tr>
	<tr>  
	<td>To attune this augment, place it in the assembly window with:
	 <ul>
	<li>3 Attuned Accurate Augment Resonators</li>
	<li>42 Pure wheel runes</li>
	<li>54 Pure fire</li>
	</ul> 
	</td></tr>
	
	</table>
	]]>
	</tooltip></tswitem>