<?xml version="1.0" encoding="utf-8"?>	
	<tswitem>
	<itemid>8258760</itemid>
	<name>Precise Augment Resonator</name>
	<iconpath>8258760</iconpath>
	<quality>4</quality>
	
	
	<tooltip><![CDATA[
	
	<table width="100%"> 
		<tr> 
	<td align="left" class="tsw_tooltiptitle tsw_q;QL_VALUE;" colspan="2">Precise Augment Resonator</td> </tr>
		<tr> 
<td align="left" colspan="2">An unattuned <font color='#FF2F1F'>damage</font> augment.</td>
		<tr> <td colspan="2"> <hr class="tsw_tooltip_hr"> </td>
			 </tr>  
		<tr> 
			
			</tr> 
			<tr>
	<td align="left" class="tsw_infolabel" colspan="2">Resonating this augment to an active ability will increase your hit rating by <span class="tsw_q2">50</span>/ <span class="tsw_q3">100</span>/ <span class="tsw_q4">150</span>/ <span class="tsw_q5">200</span>/ <span class="tsw_q6">250</span> for this ability.

		</td></tr>
	<tr> <td colspan="2"> <hr class="tsw_tooltip_hr"> </td> </tr>
	<tr>  
	<td>To attune this augment, place it in the assembly window with:
	 <ul>
	<li>2 Attuned Accurate Augment Resonators</li>
	<li>24 Pure wheel runes</li>
	<li>36 Pure fire</li>
	</ul> 
	</td></tr>
	
	</table>
	]]>
	</tooltip></tswitem>