<?xml version="1.0" encoding="utf-8"?>	
	<tswitem>
	<itemid>8258661</itemid>
	<name>Fleeting Augment Resonator</name>
	<iconpath>8258661</iconpath>
	<quality>4</quality>
	
	
	<tooltip><![CDATA[
	
	<table width="100%"> 
		<tr> 
	<td align="left" class="tsw_tooltiptitle tsw_q;QL_VALUE;" colspan="2">Fleeting Augment Resonator</td> </tr>
		<tr> 
	<td align="left" colspan="2">An unattuned <font color='#59DFF7'>survivability</font> augment.</td>
		<tr> <td colspan="2"> <hr class="tsw_tooltip_hr"> </td>
			 </tr>  
		<tr> 
			
			</tr> 
			<tr>
	<td align="left" class="tsw_infolabel" colspan="2">Resonating this augment to an active ability will give you a beneficial effect that increases your evade rating by <span class="tsw_q2">25</span>/ <span class="tsw_q3">50</span>/ <span class="tsw_q4">75</span>/ <span class="tsw_q5">100</span>/ <span class="tsw_q6">125</span> for 5 seconds whenever you activate this ability. 

		</td></tr>
	<tr> <td colspan="2"> <hr class="tsw_tooltip_hr"> </td> </tr>
	<tr>  
	<td>To attune this augment, place it in the assembly window with:
	 <ul>
	<li>2 Attuned Robust Augment Resonators</li>
	<li>30 Pure yggdrasil runes</li>
	<li>30 Pure water</li>
	</ul> 
	</td></tr>
	
	</table>
	]]>
	</tooltip></tswitem>