<?xml version="1.0" encoding="utf-8"?>	
	<tswitem>
	<itemid>8258646</itemid>
	<name>Vexing Augment Resonator</name>
	<iconpath>8258646</iconpath>
	<quality>4</quality>
	
	
	<tooltip><![CDATA[
	
	<table width="100%"> 
		<tr> 
	<td align="left" class="tsw_tooltiptitle tsw_q;QL_VALUE;" colspan="2">Vexing Augment Resonator</td> </tr>
		<tr> 
	<td align="left" colspan="2">An unattuned <font color='#59DFF7'>survivability</font> augment.</td>
		<tr> <td colspan="2"> <hr class="tsw_tooltip_hr"> </td>
			 </tr>  
		<tr> 
			
			</tr> 
			<tr>
	<td align="left" class="tsw_infolabel" colspan="2">Resonating this augment to an active ability will increase the amount of hate generated by this ability by <span class="tsw_q2">20%</span>/ <span class="tsw_q3">40%</span>/ <span class="tsw_q4">60%</span>/ <span class="tsw_q5">80%</span>/ <span class="tsw_q6">100%</span>.

		</td></tr>
	<tr> <td colspan="2"> <hr class="tsw_tooltip_hr"> </td> </tr>
	<tr>  
	<td>To attune this augment, place it in the assembly window with:
	 <ul>
	<li>2 Attuned Robust Augment Resonators</li>
	<li>60 Pure water</li>
	</ul> 
	</td></tr>
	
	</table>
	]]>
	</tooltip></tswitem>