<?xml version="1.0" encoding="utf-8"?>	
	<tswitem>
	<itemid>8258576</itemid>
	<name>Mercurial Augment Resonator</name>
	<iconpath>8258576</iconpath>
	<quality>6</quality>
	
	
	<tooltip><![CDATA[
	
	<table width="100%"> 
		<tr> 
	<td align="left" class="tsw_tooltiptitle tsw_q;QL_VALUE;" colspan="2">Mercurial Augment Resonator</td> </tr>
		<tr> 
	<td align="left" colspan="2">An unattuned <font color='#F6E632'>support</font> augment.</td>
		<tr> <td colspan="2"> <hr class="tsw_tooltip_hr"> </td>
			 </tr>  
		<tr> 
			
			</tr> 
			<tr>
	<td align="left" class="tsw_infolabel" colspan="2">Resonating this augment to an active ability will decrease the duration of the currently running recharge timers on your team by <span class="tsw_q2">2%</span>/ <span class="tsw_q3">4%</span>/ <span class="tsw_q4">6%</span>/ <span class="tsw_q5">8%</span>/ <span class="tsw_q6">10%</span> when you activate this ability. This can only happen every 10 seconds. 

		</td></tr>
	<tr> <td colspan="2"> <hr class="tsw_tooltip_hr"> </td> </tr>
	<tr>  
	<td>To attune this augment, place it in the assembly window with:
	 <ul>
	<li>4 Attuned Curing Augment Resonators</li>
	<li>120 Pure metal</li>
	</ul> 
	</td></tr>
	
	</table>
	]]>
	</tooltip></tswitem>