<?xml version="1.0" encoding="utf-8"?>	
	<tswitem>
	<itemid>8258626</itemid>
	<name>Undying Augment Resonator</name>
	<iconpath>8258626</iconpath>
	<quality>6</quality>
	
	
	<tooltip><![CDATA[
	
	<table width="100%"> 
		<tr> 
	<td align="left" class="tsw_tooltiptitle tsw_q;QL_VALUE;" colspan="2">Undying Augment Resonator</td> </tr>
		<tr> 
	<td align="left" colspan="2">An unattuned <font color='#59DFF7'>survivability</font> augment.</td>
		<tr> <td colspan="2"> <hr class="tsw_tooltip_hr"> </td>
			 </tr>  
		<tr> 
			
			</tr> 
			<tr>
	<td align="left" class="tsw_infolabel" colspan="2">Resonating this augment to an active ability will heal you for <span class="tsw_q2">5%</span>/ <span class="tsw_q3">7%</span>/ <span class="tsw_q4">9%</span>/ <span class="tsw_q5">12,5%</span>/ <span class="tsw_q6">15%</span> of your maximum health when you activate this ability. This can only happen every 20 seconds. 

		</td></tr>
	<tr> <td colspan="2"> <hr class="tsw_tooltip_hr"> </td> </tr>
	<tr>  
	<td>To attune this augment, place it in the assembly window with:
	 <ul>
	<li>4 Attuned Robust Augment Resonators</li>
	<li>60 Pure dust</li>
	<li>60 Pure water</li>
	</ul> 
	</td></tr>
	
	</table>
	]]>
	</tooltip></tswitem>