<?xml version="1.0" encoding="utf-8"?>	
	<tswitem>
	<itemid>8258606</itemid>
	<name>Restorative Augment Resonator</name>
	<iconpath>8258606</iconpath>
	<quality>4</quality>
	
	
	<tooltip><![CDATA[
	
	<table width="100%"> 
		<tr> 
	<td align="left" class="tsw_tooltiptitle tsw_q;QL_VALUE;" colspan="2">Restorative Augment Resonator</td> </tr>
		<tr> 
	<td align="left" colspan="2">An unattuned <font color='#F6E632'>support</font> augment.</td>
		<tr> <td colspan="2"> <hr class="tsw_tooltip_hr"> </td>
			 </tr>  
		<tr> 
			
			</tr> 
			<tr>
	<td align="left" class="tsw_infolabel" colspan="2">Resonating this augment to an active ability will give your team a beneficial effect that increases healing done by <span class="tsw_q2">2%</span>/ <span class="tsw_q3">4%</span>/ <span class="tsw_q4">6&</span>/ <span class="tsw_q5">8%</span>/ <span class="tsw_q6">10%</span> for 5 seconds when you activate this ability. This can only happen every 30 seconds. 

		</td></tr>
	<tr> <td colspan="2"> <hr class="tsw_tooltip_hr"> </td> </tr>
	<tr>  
	<td>To attune this augment, place it in the assembly window with:
	 <ul>
	<li>2 Attuned Curing Augment Resonators</li>
	<li>60 Pure metal</li>
	</ul> 
	</td></tr>
	
	</table>
	]]>
	</tooltip></tswitem>