<?xml version="1.0" encoding="utf-8"?>		
<tswitem>		
<itemid>8439380</itemid>		
<name>Target Antagonism Module</name>		
<iconpath>8439338</iconpath>		
<quality>4</quality>		
		
		
<tooltip><![CDATA[		
		
<table width="100%"> 		
	<tr> 	
		<td align="left" class="tsw_tooltiptitle tsw_q;QL_VALUE;" colspan="2">Target Antagonism Module</td> </tr>
	<tr> 	
		<td align="left" class="tsw_infolabel" colspan="2">AEGIS-Module (QL 2)</td> </tr> 
	<tr> 	
		<td align="left" class="tsw_infolabel_slot" colspan="2">Bind when pickup</td> </tr> 
	<tr> 	
		<td colspan="2"> <hr class="tsw_tooltip_hr"> </td>
		</tr> 
	<tr>	
		<td align="left" class="tsw_infolabel" colspan="2">
   Whenever you hit a target and damage their AEGIS, you have a <font color='#FF6600'>20%</font> chance to generate <span class="tsw_q4">2000</span> / <span class="tsw_q5">3000</span> additional hate on that target.


  </td></tr>
		
		
		
</table>		
]]>		
</tooltip></tswitem>		
