<?xml version="1.0" encoding="utf-8"?>		
<tswitem>		
<itemid>8439362</itemid>		
<name>Hijacked Alacrity Module</name>		
<iconpath>8439338</iconpath>		
<quality>4</quality>		
		
		
<tooltip><![CDATA[		
		
<table width="100%"> 		
	<tr> 	
		<td align="left" class="tsw_tooltiptitle tsw_q;QL_VALUE;" colspan="2">Hijacked Alacrity Module</td> </tr>
	<tr> 	
		<td align="left" class="tsw_infolabel" colspan="2">AEGIS-Module (QL 2)</td> </tr> 
	<tr> 	
		<td align="left" class="tsw_infolabel_slot" colspan="2">Bind when pickup</td> </tr> 
	<tr> 	
		<td colspan="2"> <hr class="tsw_tooltip_hr"> </td>
		</tr> 
	<tr>	
		<td align="left" class="tsw_infolabel" colspan="2">
   Whenever you hinder a target which has an active AEGIS that matches your current AEGIS damage type, you gain a beneficial effect which increases your movement speed by <span class="tsw_q4">6%</span> / <span class="tsw_q5">10%</span> for <font color='#FF6600'>5</font> seconds.


  </td></tr>
		
		
		
</table>		
]]>		
</tooltip></tswitem>		
