<?xml version="1.0" encoding="utf-8"?>		
<tswitem>		
<itemid>8763716</itemid>		
<name>Enhanced Restoration Module</name>		
<iconpath>8439338</iconpath>		
<quality>4</quality>		
		
		
<tooltip><![CDATA[		
		
<table width="100%"> 		
	<tr> 	
		<td align="left" class="tsw_tooltiptitle tsw_q;QL_VALUE;" colspan="2">Enhanced Restoration Module</td> </tr>
	<tr> 	
		<td align="left" class="tsw_infolabel" colspan="2">AEGIS-Module (QL 2)</td> </tr> 
	<tr> 	
		<td align="left" class="tsw_infolabel_slot" colspan="2">Bind when pickup</td> </tr> 
	<tr> 	
		<td colspan="2"> <hr class="tsw_tooltip_hr"> </td>
		</tr> 
	<tr>	
		<td align="left" class="tsw_infolabel" colspan="2">
   Whenever you heal an ally whose AEGIS shield type matches your AEGIS weapon type, you have a <font color='#FF6600'>20%</font> chance to restore <span class="tsw_q4">75</span> / <span class="tsw_q5">112</span> AEGIS strength to that target's current shield.


  </td></tr>
		
		
		
</table>		
]]>		
</tooltip></tswitem>		
