<?xml version="1.0" encoding="utf-8"?>		
<tswitem>		
<itemid>8763058</itemid>		
<name>Reactive Disruption Module</name>		
<iconpath>8439338</iconpath>		
<quality>4</quality>		
		
		
<tooltip><![CDATA[		
		
<table width="100%"> 		
	<tr> 	
		<td align="left" class="tsw_tooltiptitle tsw_q;QL_VALUE;" colspan="2">Reactive Disruption Module</td> </tr>
	<tr> 	
		<td align="left" class="tsw_infolabel" colspan="2">AEGIS-Module (QL 2)</td> </tr> 
	<tr> 	
		<td align="left" class="tsw_infolabel_slot" colspan="2">Bind when pickup</td> </tr> 
	<tr> 	
		<td colspan="2"> <hr class="tsw_tooltip_hr"> </td>
		</tr> 
	<tr>	
		<td align="left" class="tsw_infolabel" colspan="2">
   Whenever an attack glances you while your AEGIS shield is active, you deal <span class="tsw_q4">198</span> / <span class="tsw_q5">297</span> AEGIS damage of your current AEGIS type to the attacker.


  </td></tr>
		
		
		
</table>		
]]>		
</tooltip></tswitem>		
