<?xml version="1.0" encoding="utf-8"?>		
<tswitem>		
<itemid>9121877</itemid>		
<name>Advanced Stimulant - Health</name>		
<iconpath>9121877</iconpath>		
<quality>5</quality>		
		
		
<tooltip><![CDATA[		
		
<table width="100%"> 		
	<tr> 	
		<td align="left" class="tsw_tooltiptitle tsw_q;QL_VALUE;" colspan="2">Advanced Stimulant - Health</td> </tr>
	<tr> 	
		<td align="left" class="tsw_infolabel" colspan="2">Gadget (QL 10 Epic)</td> </tr> 
	<tr> 	
		<td align="left" class="tsw_infolabel_slot" colspan="2">Character Bound</td> </tr>  
	<tr> 	
		<td colspan="2"> <hr class="tsw_tooltip_hr"> </td>
		</tr> 
	<tr>	
		<td align=""left"" class=""tsw_infolabel"" colspan=""2""><font color='#FFC600'>Stimulant:</font> Grants <font color='#FF6600'>800</font> Max HP for <font color='#FF6600'>20</font> seconds.

Applies a <font color='#FF6600'>2</font> minute cooldown to all Stimulants.
		
	</td></tr>	
		
		
		
</table>		
]]>		
</tooltip></tswitem>		
