<?xml version="1.0" encoding="utf-8"?>		
<tswitem>		
<itemid>9121770</itemid>		
<name>Carapace of the Immaculate Machine - Gauntlets black</name>		
<iconpath>9122332</iconpath>		
<quality>5</quality>		
		
		
<tooltip><![CDATA[		
		
<table width="100%"> 		
	<tr> 	
		<td align="left" class="tsw_tooltiptitle tsw_q;QL_VALUE;" colspan="2">Carapace of the Immaculate Machine - Gauntlets black</td> </tr>
	<tr> 	
		<td align="left" class="tsw_infolabel" colspan="2">Clothing (QL0 Epic)</td> </tr> 
	<tr> 	
		<td align="left" class="tsw_infolabel_slot" colspan="2">Unique</td> </tr>  
	<tr> 	
		<td colspan="2"> <hr class="tsw_tooltip_hr"> </td>
		</tr> 
	<tr>	
		<td align="left" class="tsw_infolabel" colspan="2">Use this item to add the <font color='#FF6600'>Carapace of the Immaculate Machine - Gauntlets, black</font> hands slot item to your dressing room.
		
	</td></tr>	
		
		
		
</table>		
]]>		
</tooltip></tswitem>		
