﻿<?xml version="1.0" encoding="utf-8"?>
<tswitem>
<itemid>100010</itemid>
<name>NY Buckle</name>
<iconpath>100010</iconpath>
<quality>5</quality>


<tooltip><![CDATA[

<table width="100%"> 
	<tr> 
		<td align="left" class="tsw_tooltiptitle tsw_q;QL_VALUE;" colspan="2">NY Buckle</td> </tr>
	<tr> 
		<td align="left" class="tsw_infolabel" colspan="2">Waist Talisman (QL 10.4 Epic)</td></tr> 
	<tr> 
		 <td align="left" class="tsw_infolabel_slot" colspan="2">Character Bound </td></tr>  
	<tr> 
		<td colspan="2"> <hr class="tsw_tooltip_hr"> </td>
		</tr> 
	<tr>
		<td align="left" width="5%"class="tsw_infolabel_hl">+1348</td> 
		<td align="left" class="tsw_infolabel">Health</td> </tr> 
	<tr> 
		<td colspan="2"> <hr class="tsw_tooltip_hr"> </td>
	</tr>
	<tr>
		<td align="left" class="tsw_infolabel" colspan="2">Every <span class="tsw_infolabel_hl">6</span> seconds, you gain a single stack of a beneficial effect that increases your Physical and Magical Protection by <span class="tsw_infolabel_hl">3%</span> per stack. This effect is removed whenever you are penetrated or the number of stacks exceeds <span class="tsw_infolabel_hl">10</span>.


</td></tr>
	<tr> 
		<td colspan="3"> <hr class="tsw_tooltip_hr"> </td>
	</tr> 
	
	<tr>  
		<td width="5%" align="center" class="tsw_item_manastone"> </td> 
		 <td width="95%" align="left" class="tsw_infolabel_slot">Empty Glyph Slot</td></tr>  
	

</table>
]]>
</tooltip></tswitem>