﻿<?xml version="1.0" encoding="utf-8"?>
<tswitem>
<itemid>100008</itemid>
<name>Brooklyn Bracer</name>
<iconpath>100008</iconpath>
<quality>5</quality>


<tooltip><![CDATA[

<table width="100%"> 
	<tr> 
		<td align="left" class="tsw_tooltiptitle tsw_q;QL_VALUE;" colspan="2">Brooklyn Bracer</td> </tr>
	<tr> 
		<td align="left" class="tsw_infolabel" colspan="2">Wrist Talisman (QL 10.4 Epic)</td></tr> 
	<tr> 
		 <td align="left" class="tsw_infolabel_slot" colspan="2">Character Bound </td></tr>  
	<tr> 
		<td colspan="2"> <hr class="tsw_tooltip_hr"> </td>
		</tr> 
	<tr>
		<td align="left" width="5%"class="tsw_infolabel_hl">+2237</td> 
		<td align="left" class="tsw_infolabel">Health</td> </tr> 
	<tr> 
		<td colspan="2"> <hr class="tsw_tooltip_hr"> </td>
	</tr>
	<tr>
		<td align="left" class="tsw_infolabel" colspan="2">Whenever you are attacked, you gain a single stack of a beneficial effect that increases your Evade Chance by <span class="tsw_infolabel_hl">5%</span> per stack. This effect is removed after you successfully evade.

</td></tr>
	<tr> 
		<td colspan="3"> <hr class="tsw_tooltip_hr"> </td>
	</tr> 
	
	<tr>  
		<td width="5%" align="center" class="tsw_item_manastone"> </td> 
		 <td width="95%" align="left" class="tsw_infolabel_slot">Empty Glyph Slot</td></tr>  
	

</table>
]]>
</tooltip></tswitem>