﻿<?xml version="1.0" encoding="utf-8"?>
<tswitem>
<itemid>100021</itemid>
<name>Third Core Capacitor</name>
<iconpath>100021</iconpath>
<quality>6</quality>


<tooltip><![CDATA[

<table width="100%"> 
	<tr> 
		<td align="left" class="tsw_tooltiptitle tsw_q;QL_VALUE;" colspan="2">Third Core Capacitor</td> </tr>
	<tr> 
		<td align="left" class="tsw_infolabel" colspan="2">Assembly Component (QL 10 Heroic)</td> </tr> 
	<tr> 
		<td align="left" class="tsw_infolabel_slot" colspan="2">Character Bound</td> </tr>  
	<tr> 
		<td colspan="2"> <hr class="tsw_tooltip_hr"> </td>
		</tr> 
		<tr>
		<td align="left" class="tsw_infolabel" colspan="2">Hums with mysteriuos energy, unlike anything else in this Age.

	</td></tr>

	

</table>
]]>
</tooltip></tswitem>
