﻿<?xml version="1.0" encoding="utf-8"?>
<tswitem>
<itemid>200015</itemid>
<name>Signet of Castigation</name>
<iconpath>200008</iconpath>
<quality>5</quality>


<tooltip><![CDATA[

<table width="100%"> 
	<tr> 
		<td align="left" class="tsw_tooltiptitle tsw_q;QL_VALUE;" colspan="2">Signet of Castigation</td> </tr>
	<tr> 
		<td align="left" class="tsw_infolabel" colspan="2">Signet (QL 10)</td> </tr> 
	<tr> <td colspan="2"> <hr class="tsw_tooltip_hr"> </td>
		 </tr>  
	<tr> 
		
		</tr> 
		<tr>
		<td align="left" class="tsw_infolabel" colspan="2">When you hit a target you have a <span class="tsw_infolabel_hl">10%</span> chance to make your next <span class="tsw_q3">4</span>/<span class="tsw_q4">8</span>/<span class="tsw_q5">12</span> hits never glance and deal <span class="tsw_q3">1%</span>/<span class="tsw_q4">2%</span>/<span class="tsw_q5">3%</span> more damage. <span class="tsw_infolabel_hl">4</span> seconds cooldown. This signet can be attached to Head Talismans or Weapons.
	</td></tr>

	

</table>
]]>
</tooltip></tswitem>
