﻿<?xml version="1.0" encoding="utf-8"?>
<tswitem>
<itemid>200043</itemid>
<name>Signet of Equilibrium</name>
<iconpath>200010</iconpath>
<quality>5</quality>


<tooltip><![CDATA[

<table width="100%"> 
	<tr> 
		<td align="left" class="tsw_tooltiptitle tsw_q;QL_VALUE;" colspan="2">Signet of Equilibrium</td> </tr>
	<tr> 
		<td align="left" class="tsw_infolabel" colspan="2">Signet (QL 10)</td> </tr> 
	<tr> <td colspan="2"> <hr class="tsw_tooltip_hr"> </td>
		 </tr>  
	<tr> 
		
		</tr> 
		<tr>
		<td align="left" class="tsw_infolabel" colspan="2">When you critically heal a target they gain <span class="tsw_q3">5%</span>/<span class="tsw_q4">10%</span>/<span class="tsw_q5">15%</span> damage increase for <span class="tsw_infolabel_hl">5</span> seconds. <span class="tsw_infolabel_hl">15</span> second coolddown. This Signet can be attached to Minor Talismans.
	</td></tr>

	

</table>
]]>
</tooltip></tswitem>
