﻿<?xml version="1.0" encoding="utf-8"?>
<tswitem>
<itemid>200013</itemid>
<name>Signet of Abuse</name>
<iconpath>200008</iconpath>
<quality>5</quality>


<tooltip><![CDATA[

<table width="100%"> 
	<tr> 
		<td align="left" class="tsw_tooltiptitle tsw_q;QL_VALUE;" colspan="2">Signet of Abuse</td> </tr>
	<tr> 
		<td align="left" class="tsw_infolabel" colspan="2">Signet (QL 10)</td> </tr> 
	<tr> <td colspan="2"> <hr class="tsw_tooltip_hr"> </td>
		 </tr>  
	<tr> 
		
		</tr> 
		<tr>
		<td align="left" class="tsw_infolabel" colspan="2">When you hit a target you have a <span class="tsw_infolabel_hl">10%</span> chance to gain a damage increase of <span class="tsw_q3">8%</span>/<span class="tsw_q4">16%</span>/<span class="tsw_q5">24%</span> for <span class="tsw_infolabel_hl">5</span> seconds. <span class="tsw_infolabel_hl">11</span> seconds cooldown.  This Signet can be attached to Head or Weapons.
	</td></tr>

	

</table>
]]>
</tooltip></tswitem>
