﻿<?xml version="1.0" encoding="utf-8"?>
<tswitem>
<itemid>8130847</itemid>
<name>Mantle of the Vampire Squid</name>
<iconpath>8130847</iconpath>
<quality>5</quality>


<tooltip><![CDATA[

<table width="100%"> 
	<tr> 
		<td align="left" class="tsw_tooltiptitle tsw_q;QL_VALUE;" colspan="2">Mantle of the Vampire Squid</td> </tr>
	<tr> 
		<td align="left" class="tsw_infolabel" colspan="2">Occult Talisman (QL 10.3 Epic)</td></tr> 
	<tr> 
		 <td align="left" class="tsw_infolabel_slot" colspan="2">Character Bound </td></tr>  
	<tr> 
		<td colspan="2"> <hr class="tsw_tooltip_hr"> </td>
		</tr> 
	<tr>
		<td align="center" width="5%"class="tsw_infolabel_hl">+1383</td> 
		<td align="left" class="tsw_infolabel"> Health</td> </tr> 
	<tr> 
		<td colspan="2"> <hr class="tsw_tooltip_hr"> </td>
	</tr>
	<tr></td></tr>
	<tr> 
	</tr> 
		<td width="5%" align="center" class="tsw_item_manastone"></td>
		<td width="95%" align="left" class="tsw_infolabel_slot">Empty Glyph Slot </td></tr>
	<tr>  
		<td width="5%" align="center" class="tsw_item_manastone"> </td> 
		 <td width="95%" align="left" class="tsw_infolabel_slot">leerer Siegel Slot </td></tr>  
	

</table>
]]>
</tooltip></tswitem>