<?xml version="1.0" encoding="utf-8"?>	
	<tswitem>
	<itemid>8258676</itemid>
	<name>Miraculous Augment Resonator</name>
	<iconpath>8258676</iconpath>
	<quality>6</quality>
	
	
	<tooltip><![CDATA[
	
	<table width="100%"> 
		<tr> 
	<td align="left" class="tsw_tooltiptitle tsw_q;QL_VALUE;" colspan="2">Miraculous Augment Resonator</td> </tr>
		<tr> 
	<td align="left" colspan="2">An unattuned <font color='#1CF286'>healing</font> augment.</td>
		<tr> <td colspan="2"> <hr class="tsw_tooltip_hr"> </td>
			 </tr>  
		<tr> 
			
			</tr> 
			<tr>
	<td align="left" class="tsw_infolabel" colspan="2">Resonating this augment to an active ability will increase the healing done by this ability by <span class="tsw_q2">8%</span>/ <span class="tsw_q3">11%</span>/ <span class="tsw_q4">14%</span>/ <span class="tsw_q5">17%</span>/ <span class="tsw_q6">20%</span>.

		</td></tr>
	<tr> <td colspan="2"> <hr class="tsw_tooltip_hr"> </td> </tr>
	<tr>  
	<td>To attune this augment, place it in the assembly window with:
	 <ul>
	<li>4 Attuned Mending Augment Resonators</li>
	<li>60 Pure metal</li>
	<li>60 Pure dust</li>
	</ul> 
	</td></tr>
	
	</table>
	]]>
	</tooltip></tswitem>