<?xml version="1.0" encoding="utf-8"?>	
	<tswitem>
	<itemid>8258700</itemid>
	<name>Vitalising Augment Resonator</name>
	<iconpath>8258700</iconpath>
	<quality>5</quality>
	
	
	<tooltip><![CDATA[
	
	<table width="100%"> 
		<tr> 
	<td align="left" class="tsw_tooltiptitle tsw_q;QL_VALUE;" colspan="2">Vitalising Augment Resonator</td> </tr>
		<tr> 
<td align="left" colspan="2">An unattuned <font color='#1CF286'>healing</font> augment.</td>
		<tr> <td colspan="2"> <hr class="tsw_tooltip_hr"> </td>
			 </tr>  
		<tr> 
			
			</tr> 
			<tr>
	<td align="left" class="tsw_infolabel" colspan="2">Resonating this augment to an active ability will increase your critical heal chance by <span class="tsw_q2">2%</span>/ <span class="tsw_q3">4%</span>/ <span class="tsw_q4">6%</span>/ <span class="tsw_q5">8%</span>/ <span class="tsw_q6">10%</span> for this ability.

		</td></tr>
	<tr> <td colspan="2"> <hr class="tsw_tooltip_hr"> </td> </tr>
	<tr>  
	<td>To attune this augment, place it in the assembly window with:
	 <ul>
	<li>3 Attuned Mending Augment Resonators</li>
	<li>48 Pure denkyem runes</li>
	<li>48 Pure dust</li>
	</ul> 
	</td></tr>
	
	</table>
	]]>
	</tooltip></tswitem>