<?xml version="1.0" encoding="utf-8"?>	
	<tswitem>
	<itemid>8258569</itemid>
	<name>Accurate Augment Resonator</name>
	<iconpath>8258569</iconpath>
	<quality>3</quality>
	
	
	<tooltip><![CDATA[
	
	<table width="100%"> 
		<tr> 
	<td align="left" class="tsw_tooltiptitle tsw_q;QL_VALUE;" colspan="2">Accurate Augment Resonator</td> </tr>
		<tr> 
	<td align="left" colspan="2">An unattuned <font color='#FF2F1F'>damage</font> augment.</td>
		<tr> <td colspan="2"> <hr class="tsw_tooltip_hr"> </td>
			 </tr>  
		<tr> 
			
			</tr> 
			<tr>
	<td align="left" class="tsw_infolabel" colspan="2">Resonating this augment to an active ability will increase your attack rating by <span class="tsw_q2">30</span>/ <span class="tsw_q3">60</span>/ <span class="tsw_q4">90</span>/ <span class="tsw_q5">120</span>/ <span class="tsw_q6">150</span>. This affects all abilities. 

		</td></tr>
	
	</table>
	]]>
	</tooltip></tswitem>