<?xml version="1.0" encoding="utf-8"?>		
<tswitem>		
<itemid>8439386</itemid>		
<name>Enhanced Bypass Module</name>		
<iconpath>8439338</iconpath>		
<quality>4</quality>		
		
		
<tooltip><![CDATA[		
		
<table width="100%"> 		
	<tr> 	
		<td align="left" class="tsw_tooltiptitle tsw_q;QL_VALUE;" colspan="2">Enhanced Bypass Module</td> </tr>
	<tr> 	
		<td align="left" class="tsw_infolabel" colspan="2">AEGIS-Module (QL 2)</td> </tr> 
	<tr> 	
		<td align="left" class="tsw_infolabel_slot" colspan="2">Bind when pickup</td> </tr> 
	<tr> 	
		<td colspan="2"> <hr class="tsw_tooltip_hr"> </td>
		</tr> 
	<tr>	
		<td align="left" class="tsw_infolabel" colspan="2">
  Whenever you hit a target and damage their AEGIS, you have a <font color='#FF6600'>20%</font> chance to deal <span class="tsw_q4">221</span> / <span class="tsw_q5">332</span> AEGIS damage of your current AEGIS type to all enemies within a <font color='#FF6600'>5</font> meter radius of that target.

	</td></tr>	
		
		
		
</table>		
]]>		
</tooltip></tswitem>		
