<?xml version="1.0" encoding="utf-8"?>		
<tswitem>		
<itemid>8762985</itemid>		
<name>Reactive Feedback Loop Module</name>		
<iconpath>8439338</iconpath>		
<quality>4</quality>		
		
		
<tooltip><![CDATA[		
		
<table width="100%"> 		
	<tr> 	
		<td align="left" class="tsw_tooltiptitle tsw_q;QL_VALUE;" colspan="2">Reactive Feedback Loop Module</td> </tr>
	<tr> 	
		<td align="left" class="tsw_infolabel" colspan="2">AEGIS-Module (QL 2)</td> </tr> 
	<tr> 	
		<td align="left" class="tsw_infolabel_slot" colspan="2">Bind when pickup</td> </tr> 
	<tr> 	
		<td colspan="2"> <hr class="tsw_tooltip_hr"> </td>
		</tr> 
	<tr>	
		<td align="left" class="tsw_infolabel" colspan="2">
   Whenever you block an attack while your AEGIS shield is active, you apply a detrimental effect to the attacker which deals <span class="tsw_q4">60</span> / <span class="tsw_q5">90</span> AEGIS damage of your current AEGIS type every second for <font color='#FF6600'>4</font> seconds.


  </td></tr>
		
		
		
</table>		
]]>		
</tooltip></tswitem>		
