<?xml version="1.0" encoding="utf-8"?>		
<tswitem>		
<itemid>8763885</itemid>		
<name>Critical Restoration Loop Module</name>		
<iconpath>8439338</iconpath>		
<quality>4</quality>		
		
		
<tooltip><![CDATA[		
		
<table width="100%"> 		
	<tr> 	
		<td align="left" class="tsw_tooltiptitle tsw_q;QL_VALUE;" colspan="2">Critical Restoration Loop Module</td> </tr>
	<tr> 	
		<td align="left" class="tsw_infolabel" colspan="2">AEGIS-Module (QL 2)</td> </tr> 
	<tr> 	
		<td align="left" class="tsw_infolabel_slot" colspan="2">Bind when pickup</td> </tr> 
	<tr> 	
		<td colspan="2"> <hr class="tsw_tooltip_hr"> </td>
		</tr> 
	<tr>	
		<td align="left" class="tsw_infolabel" colspan="2">
   Whenever you critically heal an ally whose AEGIS shield type matches your AEGIS weapon type, you apply a beneficial effect to that ally and up to <font color='#FF6600'>4</font> other allies nearby which restores <span class="tsw_q4">12</span> / <span class="tsw_q5">18</span> AEGIS strength every second for <font color='#FF6600'>4</font> seconds.


  </td></tr>
		
		
		
</table>		
]]>		
</tooltip></tswitem>		
