﻿<?xml version="1.0" encoding="utf-8"?>
<tswitem>
<itemid>100015</itemid>
<name>Ende aller Tage
</name>
<iconpath>100015</iconpath>
<quality>5</quality>


<tooltip><![CDATA[

<table width="100%"> 
	<tr> 
		<td align="left" class="tsw_tooltiptitle tsw_q;QL_VALUE;" colspan="2">Ende aller Tage
</td> </tr>
	<tr> 
		<td align="left" class="tsw_infolabel" colspan="2">Blutmagie-Fokus (QS 10.4 Episch)</td> </tr> 
	<tr> 
		<td align="left" class="tsw_infolabel_slot" colspan="2"> Charaktergebunden</td> </tr>  
	<tr> 
		<td colspan="2"> <hr class="tsw_tooltip_hr"> </td>
		</tr> 
	<tr>
		<td align="left" width="5%"class="tsw_infolabel_hl">+446</td> 
		<td align="left" class="tsw_infolabel"> Waffenkraft</td> </tr> 
	<tr> 
		<td colspan="2"> <hr class="tsw_tooltip_hr"> </td>
	</tr>
	<tr>
		<td width="5%" align="center" class="tsw_item_manastone"></td>
		<td width="95%" align="left" class="tsw_infolabel_slot">leerer Glyphen Slot </td></tr>
	<tr>  
		<td width="5%" align="center" class="tsw_item_manastone"> </td> 
		 <td width="95%" align="left" class="tsw_infolabel_slot">leerer Siegel Slot </td></tr>  
	

</table>
]]>
</tooltip></tswitem>
