﻿<?xml version="1.0" encoding="utf-8"?>
<tswitem>
<itemid>200009</itemid>
<name>Siegel der Segnung</name>
<iconpath>200006</iconpath>
<quality>5</quality>


<tooltip><![CDATA[

<table width="100%"> 
	<tr> 
		<td align="left" class="tsw_tooltiptitle tsw_q;QL_VALUE;" colspan="2">Siegel  der Segnung</td> </tr>
	<tr> 
		<td align="left" class="tsw_infolabel" colspan="2">Siegel (QS 10)</td> </tr> 
	<tr> <td colspan="2"> <hr class="tsw_tooltip_hr"> </td>
		 </tr>  
	<tr> 
		
		</tr> 
		<tr>
		<td align="left" class="tsw_infolabel" colspan="2">Wenn Sie ein Ziel heilen, besteht eine Chance von <span class="tsw_infolabel_hl">20%</span>, dass es eine Barriere erhält, die <span class="tsw_q3">47</span>/<span class="tsw_q4">94</span>/<span class="tsw_q5">112</span> Schaden absorbiert und <span class="tsw_infolabel_hl">10</span> Sekunden hält. Dieses Siegel kann an Kopftalismanen oder Waffen angebracht werden.
	</td></tr>

	

</table>
]]>
</tooltip></tswitem>
