﻿<?xml version="1.0" encoding="utf-8"?>
<tswitem>
<itemid>200041</itemid>
<name>Siegel der Gelassenheit</name>
<iconpath>200010</iconpath>
<quality>5</quality>


<tooltip><![CDATA[

<table width="100%"> 
	<tr> 
		<td align="left" class="tsw_tooltiptitle tsw_q;QL_VALUE;" colspan="2">Siegel der Gelassenheit</td> </tr>
	<tr> 
		<td align="left" class="tsw_infolabel" colspan="2">Siegel (QS 10)</td> </tr> 
	<tr> <td colspan="2"> <hr class="tsw_tooltip_hr"> </td>
		 </tr>  
	<tr> 
		
		</tr> 
		<tr>
		<td align="left" class="tsw_infolabel" colspan="2">Wenn Sie ein Ziel kritisch heilen, verringert sich der Hass Ihrer Offensivziele auf Sie in <span class="tsw_q3">geringem</span>/<span class="tsw_q4">mittlerem</span>/<span class="tsw_q5">großem</span> Maße. <span class="tsw_infolabel_hl">15</span> Sekunden Abklingzeit. Dieses Siegel kann an kleinen Talismanen angebracht werden..
	</td></tr>

	

</table>
]]>
</tooltip></tswitem>
