﻿<?xml version="1.0" encoding="utf-8"?>
<tswitem>
<itemid>200051</itemid>
<name>Siegel der Befestigung</name>
<iconpath>200011</iconpath>
<quality>5</quality>


<tooltip><![CDATA[

<table width="100%"> 
	<tr> 
		<td align="left" class="tsw_tooltiptitle tsw_q;QL_VALUE;" colspan="2">Siegel der Befestigung</td> </tr>
	<tr> 
		<td align="left" class="tsw_infolabel" colspan="2">Siegel (QS 10)</td> </tr> 
	<tr> <td colspan="2"> <hr class="tsw_tooltip_hr"> </td>
		 </tr>  
	<tr> 
		
		</tr> 
		<tr>
		<td align="left" class="tsw_infolabel" colspan="2">Wenn Ihre Gesundheit unter <span class="tsw_infolabel_hl">50%</span> sinkt, erhalten Sie eine Barriere, die bis zu <span class="tsw_q3">126</span>/<span class="tsw_q4">252</span>/<span class="tsw_q5">378</span> Schaden adsorbiert und <span class="tsw_infolabel_hl">10</span> Sekunden hält. <span class="tsw_infolabel_hl">12</span> Sekunden Abklingzeit. Dieses Siegel kann an kleinen Talismanen angebracht werden..
	</td></tr>

	

</table>
]]>
</tooltip></tswitem>
