﻿<?xml version="1.0" encoding="utf-8"?>
<tswitem>
<itemid>200014</itemid>
<name>Siegel der Aggression</name>
<iconpath>200007</iconpath>
<quality>5</quality>


<tooltip><![CDATA[

<table width="100%"> 
	<tr> 
		<td align="left" class="tsw_tooltiptitle tsw_q;QL_VALUE;" colspan="2">Siegel der Aggression</td> </tr>
	<tr> 
		<td align="left" class="tsw_infolabel" colspan="2">Siegel (QS 10)</td> </tr> 
	<tr> <td colspan="2"> <hr class="tsw_tooltip_hr"> </td>
		 </tr>  
	<tr> 
		
		</tr> 
		<tr>
		<td align="left" class="tsw_infolabel" colspan="2">Wenn Sie ein geschwächtes Ziel treffen, besteht eine Chance von <span class="tsw_infolabel_hl">15%</span>, <span class="tsw_infolabel_hl">6</span> Sekunden lang <span class="tsw_q3">5%</span>/<span class="tsw_q4">10%</span>/<span class="tsw_q5">15%</span> mehr Schaden zu verursachen. <span class="tsw_infolabel_hl">9</span> Sekunden Abklingzeit. Dieses Siegel kann an Kopftalismanen oder Waffen angebracht werden.
	</td></tr>

	

</table>
]]>
</tooltip></tswitem>
