﻿<?xml version="1.0" encoding="utf-8"?>
<tswitem>
<itemid>7894446</itemid>
<name>Upgrade-Werkzeugsatz für Nebenwaffen</name>
<iconpath>7894446</iconpath>
<quality>5</quality>


<tooltip><![CDATA[

<table width="100%"> 
	<tr> 
		<td align="left" class="tsw_tooltiptitle tsw_q;QL_VALUE;" colspan="2">Upgrade-Werkzeugsatz für Nebenwaffen</td> </tr>
	<tr> 
		<td align="left" class="tsw_infolabel" colspan="2"> Fertigungskomponente (QS 10 Episch)</td> </tr> 
	<tr> 
		<td align="left" class="tsw_infolabel_slot" colspan="2">Charaktergebunden</td> </tr>  
	<tr> 
		<td colspan="2"> <hr class="tsw_tooltip_hr"> </td>
		</tr> 
		<tr>
		<td align="left" class="tsw_infolabel" colspan="2">Dient dem Upgrade einer Nebenwaffe.
	</td></tr>

	

</table>
]]>
</tooltip></tswitem>
