<?xml version="1.0" encoding="utf-8"?>	
	<tswitem>
	<itemid>8258720</itemid>
	<name>Lebensspendender Augmentierungsresonator</name>
	<iconpath>8258720</iconpath>
	<quality>4</quality>
	
	
	<tooltip><![CDATA[
	
	<table width="100%"> 
		<tr> 
	<td align="left" class="tsw_tooltiptitle tsw_q;QL_VALUE;" colspan="2">Lebensspendender Augmentierungsresonator</td> </tr>
		<tr> 
<td align="left" colspan="2">Eine nicht eingestellte <font color='#1CF286'>Heilung</font>-Augmentierung.</td>
		<tr> <td colspan="2"> <hr class="tsw_tooltip_hr"> </td>
			 </tr>  
		<tr> 
			
			</tr> 
			<tr>
	<td align="left" class="tsw_infolabel" colspan="2">Durch Resonanz dieser Augmentierung mit einer aktiven Kraft wird die kritische Treffer-Kraft Ihrer Direktheilung für diese Kraft um <span class="tsw_q2">5%</span>/ <span class="tsw_q3">7%</span>/ <span class="tsw_q4">9%</span>/ <span class="tsw_q5">10%2</span>/ <span class="tsw_q6">15%</span> erhöht.
	
		</td></tr>
	<tr> <td colspan="2"> <hr class="tsw_tooltip_hr"> </td> </tr>
	<tr>  
	<td>Um diese Augmentierung einzustellen, platzieren Sie sie bitte im Fertigungsfenster, und zwar zusammen mit:
	 <ul>
	<li>2 Eingestellter Erholsamer Augmentierungsresonator</li>
	<li>30 Reine Denkyem Rune</li>
	<li>30 Reiner Staub</li>
	</ul> 
	</td></tr>
	
	</table>
	]]>
	</tooltip></tswitem>
