<?xml version="1.0" encoding="utf-8"?>	
	<tswitem>
	<itemid>8258671</itemid>
	<name>Robuster Augmentierungsresonator</name>
	<iconpath>8258671</iconpath>
	<quality>3</quality>
	
	
	<tooltip><![CDATA[
	
	<table width="100%"> 
		<tr> 
	<td align="left" class="tsw_tooltiptitle tsw_q;QL_VALUE;" colspan="2">Robuster Augmentierungsresonator</td> </tr>
		<tr> 
<td align="left" colspan="2">Eine nicht eingestellte <font color='#59DFF7'>Überlebenschance</font>-Augmentierung.</td>
		<tr> <td colspan="2"> <hr class="tsw_tooltip_hr"> </td>
			 </tr>  
		<tr> 
			
			</tr> 
			<tr>
	<td align="left" class="tsw_infolabel" colspan="2">Durch Resonanz dieser Augmentierung mit einer aktiven Kraft wird Ihre Maximalgesundheit um <span class="tsw_q2">50</span>/ <span class="tsw_q3">100</span>/ <span class="tsw_q4">150</span>/ <span class="tsw_q5">200</span>/ <span class="tsw_q6">250</span> erhöht.
	
		</td></tr>
	</table>
	]]>
	</tooltip></tswitem>
