<?xml version="1.0" encoding="utf-8"?>	
	<tswitem>
	<itemid>8258730</itemid>
	<name>Schädlicher Augmentierungsresonator</name>
	<iconpath>8258730</iconpath>
	<quality>6</quality>
	
	
	<tooltip><![CDATA[
	
	<table width="100%"> 
		<tr> 
	<td align="left" class="tsw_tooltiptitle tsw_q;QL_VALUE;" colspan="2">Schädlicher Augmentierungsresonator</td> </tr>
		<tr> 
<td align="left" colspan="2">Eine nicht eingestellte <font color='#FF2F1F'>Schaden</font>-Augmentierung.</td>
		<tr> <td colspan="2"> <hr class="tsw_tooltip_hr"> </td>
			 </tr>  
		<tr> 
			
			</tr> 
			<tr>
	<td align="left" class="tsw_infolabel" colspan="2">Durch Resonanz dieser Augmentierung mit einer aktiven Kraft wird der durch diese Kraft verursachte Schaden um <span class="tsw_q2">5%</span>/ <span class="tsw_q3">7%</span>/ <span class="tsw_q4">9%</span>/ <span class="tsw_q5">12,5%</span>/ <span class="tsw_q6">15%</span> erhöht.
	
		</td></tr>
	<tr> <td colspan="2"> <hr class="tsw_tooltip_hr"> </td> </tr>
	<tr>  
	<td>Um diese Augmentierung einzustellen, platzieren Sie sie bitte im Fertigungsfenster, und zwar zusammen mit:
	 <ul>
	<li>4 Eingestellte Exakter Augmentierungsresonator</li>
	<li>60 Reines Metall</li>
	<li>60 Reines Feuer</li>
	</ul> 
	</td></tr>
	
	</table>
	]]>
	</tooltip></tswitem>