<?xml version="1.0" encoding="utf-8"?>	
	<tswitem>
	<itemid>8258611</itemid>
	<name>Schützender Augmentierungsresonator</name>
	<iconpath>8258611</iconpath>
	<quality>4</quality>
	
	
	<tooltip><![CDATA[
	
	<table width="100%"> 
		<tr> 
	<td align="left" class="tsw_tooltiptitle tsw_q;QL_VALUE;" colspan="2">Schützender Augmentierungsresonator</td> </tr>
		<tr> 
<td align="left" colspan="2">Eine nicht eingestellte <font color='#F6E632'>Unterstützung</font>-Augmentierung</td>
		<tr> <td colspan="2"> <hr class="tsw_tooltip_hr"> </td>
			 </tr>  
		<tr> 
			
			</tr> 
			<tr>
	<td align="left" class="tsw_infolabel" colspan="2">Durch Resonanz dieser Augmentierung mit einer aktiven Kraft erhält Ihr Team bei Aktivierung der Kraft einen positiven Effekt, der erlittenen Schaden um <span class="tsw_q2">1%</span>/ <span class="tsw_q3">2%</span>/ <span class="tsw_q4">3%</span>/ <span class="tsw_q5">4%</span>/ <span class="tsw_q6">5%</span> verringert, und zwar 5 Sekunden lang. Das kann höchstens alle 30 Sekunden eintreten.
	
		</td></tr>
	<tr> <td colspan="2"> <hr class="tsw_tooltip_hr"> </td> </tr>
	<tr>  
	<td>Um diese Augmentierung einzustellen, platzieren Sie sie bitte im Fertigungsfenster, und zwar zusammen mit:
	 <ul>
	<li>2 Eingestellter Kurierender Augmentierungsresonator</li>
	<li>60 Reine Erd Rune</li>
	</ul> 
	</td></tr>
	
	</table>
	]]>
	</tooltip></tswitem>