<?xml version="1.0" encoding="utf-8"?>	
	<tswitem>
	<itemid>8258591</itemid>
	<name>Anregender Augmentierungsresonator</name>
	<iconpath>8258591</iconpath>
	<quality>5</quality>
	
	
	<tooltip><![CDATA[
	
	<table width="100%"> 
		<tr> 
	<td align="left" class="tsw_tooltiptitle tsw_q;QL_VALUE;" colspan="2">Anregender Augmentierungsresonator</td> </tr>
		<tr> 
<td align="left" colspan="2">Eine nicht eingestellte <font color='#F6E632'>Unterstützung</font>-Augmentierung</td>
		<tr> <td colspan="2"> <hr class="tsw_tooltip_hr"> </td>
			 </tr>  
		<tr> 
			
			</tr> 
			<tr>
	<td align="left" class="tsw_infolabel" colspan="2">Durch Resonanz dieser Augmentierung mit einer aktiven Kraft erhält Ihr Team bei Aktivierung der Kraft einen positiven Effekt, der einmal um <span class="tsw_q2">20</span>/ <span class="tsw_q3">40</span>/ <span class="tsw_q4">60</span>/ <span class="tsw_q5">80</span>/ <span class="tsw_q6">100</span> heilt sowie verursachten Schaden um 
	<span class="tsw_q2">1%</span>/ <span class="tsw_q3">1%</span>/ <span class="tsw_q4">2%</span>/ <span class="tsw_q5">3%</span>/ <span class="tsw_q6">3%</span> erhöht, und zwar 5 Sekunden lang. Das kann höchstens alle 30 Sekunden eintreten.
		</td></tr>
	<tr> <td colspan="2"> <hr class="tsw_tooltip_hr"> </td> </tr>
	<tr>  
	<td>Um diese Augmentierung einzustellen, platzieren Sie sie bitte im Fertigungsfenster, und zwar zusammen mit:
	 <ul>
	<li>3 Eingestellter Kurierender Augmentierungsresonator</li>
	<li>96 Reine Trinitäts Rune</li>
	</ul> 
	</td></tr>
	
	</table>
	]]>
	</tooltip></tswitem>