<?xml version="1.0" encoding="utf-8"?>	
	<tswitem>
	<itemid>8258651</itemid>
	<name>Standhafter Augmentierungsresonator</name>
	<iconpath>8258651</iconpath>
	<quality>4</quality>
	
	
	<tooltip><![CDATA[
	
	<table width="100%"> 
		<tr> 
	<td align="left" class="tsw_tooltiptitle tsw_q;QL_VALUE;" colspan="2">Standhafter Augmentierungsresonator</td> </tr>
		<tr> 
<td align="left" colspan="2">Eine nicht eingestellte <font color='#59DFF7'>Überlebenschance</font>-Augmentierung.</td>
		<tr> <td colspan="2"> <hr class="tsw_tooltip_hr"> </td>
			 </tr>  
		<tr> 
			
			</tr> 
			<tr>
	<td align="left" class="tsw_infolabel" colspan="2">Durch Resonanz dieser Augmentierung mit einer aktiven Kraft erhalten Sie bei Aktivierung der Kraft einen positiven Effekt, der Ihren Verteidigungswert um <span class="tsw_q2">25</span>/ <span class="tsw_q3">50</span>/ <span class="tsw_q4">75</span>/ <span class="tsw_q5">100</span>/ <span class="tsw_q6">125</span> erhöht, und zwar 5 Sekunden lang
	
		</td></tr>
	<tr> <td colspan="2"> <hr class="tsw_tooltip_hr"> </td> </tr>
	<tr>  
	<td>Um diese Augmentierung einzustellen, platzieren Sie sie bitte im Fertigungsfenster, und zwar zusammen mit:
	 <ul>
	<li>2 Eingestellter Robuster Augmentierungsresonator</li>
	<li>30 Reine Wedjat Rune</li>
	<li>30 Reines Wasser</li>
	</ul> 
	</td></tr>
	
	</table>
	]]>
	</tooltip></tswitem>
