<?xml version="1.0" encoding="utf-8"?>		
<tswitem>		
<itemid>8439362</itemid>		
<name>Gekapertes Tempomodul</name>		
<iconpath>8439338</iconpath>		
<quality>4</quality>		
		
		
<tooltip><![CDATA[		
		
<table width="100%"> 		
	<tr> 	
		<td align="left" class="tsw_tooltiptitle tsw_q;QL_VALUE;" colspan="2">Gekapertes Tempomodul</td> </tr>
	<tr> 	
		<td align="left" class="tsw_infolabel" colspan="2">AEGIS-Modul (QS 2 )</td> </tr> 
	<tr> 	
		<td align="left" class="tsw_infolabel_slot" colspan="2">Wird durch Ausrüsten gebunden </td> </tr>  
	<tr> 	
		<td colspan="2"> <hr class="tsw_tooltip_hr"> </td>
		</tr> 
	<tr>	
		<td align="left" class="tsw_infolabel" colspan="2">
Jedes Mal, wenn Sie bei einem Ziel mit einem aktiven AEGIS, das Ihrem aktuellen AEGIS-Schadenstyp entspricht, den Status "Beeinträchtigt" auslösen, erhalten Sie einen positiven Effekt, der Ihre Bewegungsgeschwindigkeit <font color='#FF6600'>5</font> Sekunden lang um <span class="tsw_q4">6%</span> / <span class="tsw_q5">10%</span> erhöht.


		
	</td></tr>	
		
		
		
</table>		
]]>		
</tooltip></tswitem>		
