<?xml version="1.0" encoding="utf-8"?>		
<tswitem>		
<itemid>8439338</itemid>		
<name>Durchdringendes Überbrückungsmodul</name>		
<iconpath>8439338</iconpath>		
<quality>4</quality>		
		
		
<tooltip><![CDATA[		
		
<table width="100%"> 		
	<tr> 	
		<td align="left" class="tsw_tooltiptitle tsw_q;QL_VALUE;" colspan="2">Durchdringendes Überbrückungsmodul</td> </tr>
	<tr> 	
		<td align="left" class="tsw_infolabel" colspan="2">AEGIS-Modul (QS 2 )</td> </tr> 
	<tr> 	
		<td align="left" class="tsw_infolabel_slot" colspan="2">Wird durch Ausrüsten gebunden </td> </tr>  
	<tr> 	
		<td colspan="2"> <hr class="tsw_tooltip_hr"> </td>
		</tr> 
	<tr>	
		<td align="left" class="tsw_infolabel" colspan="2">
Jedes Mal, wenn Sie einen durchdringenden Treffer erzielen und das AEGIS des Ziels beschädigen, verursachen Sie <span class="tsw_q4">264</span> / <span class="tsw_q5">396</span> AEGIS-Schaden Ihres aktuellen AEGIS-Typs.


		
	</td></tr>	
		
		
		
</table>		
]]>		
</tooltip></tswitem>		
