<?xml version="1.0" encoding="utf-8"?>		
<tswitem>		
<itemid>8762985</itemid>		
<name>Reaktives Feedbackschleife-Modul</name>		
<iconpath>8439338</iconpath>		
<quality>4</quality>		
		
		
<tooltip><![CDATA[		
		
<table width="100%"> 		
	<tr> 	
		<td align="left" class="tsw_tooltiptitle tsw_q;QL_VALUE;" colspan="2">Reaktives Feedbackschleife-Modul</td> </tr>
	<tr> 	
		<td align="left" class="tsw_infolabel" colspan="2">AEGIS-Modul (QS 2 )</td> </tr> 
	<tr> 	
		<td align="left" class="tsw_infolabel_slot" colspan="2">Wird durch Ausrüsten gebunden </td> </tr>  
	<tr> 	
		<td colspan="2"> <hr class="tsw_tooltip_hr"> </td>
		</tr> 
	<tr>	
		<td align="left" class="tsw_infolabel" colspan="2">
Jedes Mal, wenn Sie mit aktivem AEGIS-Schild einen Angriff blocken, belegen Sie den Angreifer mit einem negativen Effekt, der <font color='#FF6600'>4</font> Sekunden lang pro Sekunde <span class="tsw_q4">60</span> / <span class="tsw_q5">90</span> AEGIS-Schaden Ihres aktuellen AEGIS-Typs verursacht.


		
	</td></tr>	
		
		
		
</table>		
]]>		
</tooltip></tswitem>		
