<?xml version="1.0" encoding="utf-8"?>		
<tswitem>		
<itemid>8763058</itemid>		
<name>Reaktives Störungsmodul</name>		
<iconpath>8439338</iconpath>		
<quality>4</quality>		
		
		
<tooltip><![CDATA[		
		
<table width="100%"> 		
	<tr> 	
		<td align="left" class="tsw_tooltiptitle tsw_q;QL_VALUE;" colspan="2">Reaktives Störungsmodul</td> </tr>
	<tr> 	
		<td align="left" class="tsw_infolabel" colspan="2">AEGIS-Modul (QS 2 )</td> </tr> 
	<tr> 	
		<td align="left" class="tsw_infolabel_slot" colspan="2">Wird durch Ausrüsten gebunden </td> </tr>  
	<tr> 	
		<td colspan="2"> <hr class="tsw_tooltip_hr"> </td>
		</tr> 
	<tr>	
		<td align="left" class="tsw_infolabel" colspan="2">
Erleiden Sie mit aktivem AEGIS-Schild einen Streiftreffer, fügen Sie dem Angreifer <span class="tsw_q4">198</span> / <span class="tsw_q5">297</span> AEGIS-Schaden Ihres aktuellen AEGIS-Typs zu.


		
	</td></tr>	
		
		
		
</table>		
]]>		
</tooltip></tswitem>		
