<?xml version="1.0" encoding="utf-8"?>		
<tswitem>		
<itemid>8764441</itemid>		
<name>Kritisches Ablationsmodul</name>		
<iconpath>8439338</iconpath>		
<quality>4</quality>		
		
		
<tooltip><![CDATA[		
		
<table width="100%"> 		
	<tr> 	
		<td align="left" class="tsw_tooltiptitle tsw_q;QL_VALUE;" colspan="2">Kritisches Ablationsmodul</td> </tr>
	<tr> 	
		<td align="left" class="tsw_infolabel" colspan="2">AEGIS-Modul (QS 2 )</td> </tr> 
	<tr> 	
		<td align="left" class="tsw_infolabel_slot" colspan="2">Wird durch Ausrüsten gebunden </td> </tr>  
	<tr> 	
		<td colspan="2"> <hr class="tsw_tooltip_hr"> </td>
		</tr> 
	<tr>	
		<td align="left" class="tsw_infolabel" colspan="2">
Jedes Mal, wenn Sie einen Verbündeten kritisch heilen, dessen AEGIS-Schild dem Typ Ihrer AEGIS-Waffe entspricht, haben Sie eine <font color='#FF6600'>20 %</font>-Chance, das Ziel mit einem positiven Effekt zu belegen, der den erlittenen AEGIS-Schaden <font color='#FF6600'>4</font> Sekunden lang um <span class="tsw_q4">20%</span> / <span class="tsw_q5">30%</span> verringert.


		
	</td></tr>	
		
		
		
</table>		
]]>		
</tooltip></tswitem>		
