<?xml version="1.0" encoding="utf-8"?>		
<tswitem>		
<itemid>9119170</itemid>		
<name>Upgrade-Werkzeugsatz für überragende individuelle Talismane</name>		
<iconpath>7569537</iconpath>		
<quality>5</quality>		
		
		
<tooltip><![CDATA[		
		
<table width="100%"> 		
	<tr> 	
		<td align="left" class="tsw_tooltiptitle tsw_q;QL_VALUE;" colspan="2">Upgrade-Werkzeugsatz für überragende individuelle Talismane</td> </tr>
	<tr> 	
		<td align="left" class="tsw_infolabel" colspan="2">Werkzeugsatz (QS 10 Epic)</td> </tr> 
	<tr> 	
		<td align="left" class="tsw_infolabel_slot" colspan="2">Charaktergebunden</td> </tr>  
	<tr> 	
		<td colspan="2"> <hr class="tsw_tooltip_hr"> </td>
		</tr> 
	<tr>	
		<td align="left" class="tsw_infolabel" colspan="2">Dient dem Upgrade individueller Talismane von QS 10.5 bis QS 10.6.
		
	</td></tr>	
		
		
		
</table>		
]]>		
</tooltip></tswitem>		
