<?xml version="1.0" encoding="utf-8"?>		
<tswitem>		
<itemid>9121930</itemid>		
<name>Verbesserter Gegenschlag - Block</name>		
<iconpath>9121935</iconpath>		
<quality>5</quality>		
		
		
<tooltip><![CDATA[		
		
<table width="100%"> 		
	<tr> 	
		<td align="left" class="tsw_tooltiptitle tsw_q;QL_VALUE;" colspan="2">Verbesserter Gegenschlag - Block</td> </tr>
	<tr> 	
		<td align="left" class="tsw_infolabel" colspan="2">Gadget (QS 10 Episch)</td> </tr> 
	<tr> 	
		<td align="left" class="tsw_infolabel_slot" colspan="2">Charaktergebunden</td> </tr>  
	<tr> 	
		<td colspan="2"> <hr class="tsw_tooltip_hr"> </td>
		</tr> 
	<tr>	
		<td align="left" class="tsw_infolabel" colspan="2"><font color='#FFC600'>Gegenschlag:</font> <font color='#FF6600'>20</font> Sekunden lang  erhalten Sie jedes Mal, wenn Sie einen Angriff blocken, <br> 1: <font color='#FF6600'>644</font> Trefferwert <br> 2: <font color='#FF6600'>644</font> Blockwert <br> 3: <font color='#FF6600'>700</font> Kritischer Trefferwert<br>4: <font color='#FF6600'>644</font> Kritischer Treffer-Kraftwert<br>5: <font color='#FF6600'>644</font> Verteidigungswert<br>6: <font color='#FF6600'>690</font> Ausweichwert <br>7: <font color='#FF6600'>421</font> Körperlichen und Magischen Schutz<br>8: <font color='#FF6600'>644</font> Durchdringungswert<br>, und zwar <font color='#FF6600'>4</font> Sekunden lang.

Belegt alle Gegenschläge mit <font color='#FF6600'>2</font> Minuten Abklingzeit.
		
	</td></tr>	
		
		
		
</table>		
]]>		
</tooltip></tswitem>		
