<?xml version="1.0" encoding="utf-8"?>		
<tswitem>		
<itemid>9122332</itemid>		
<name>Rückenschild der unbefleckten Maschine - Panzerhandschuhe, weiß</name>		
<iconpath>9122332</iconpath>		
<quality>5</quality>		
		
		
<tooltip><![CDATA[		
		
<table width="100%"> 		
	<tr> 	
		<td align="left" class="tsw_tooltiptitle tsw_q;QL_VALUE;" colspan="2">Rückenschild der unbefleckten Maschine - Panzerhandschuhe, weiß</td> </tr>
	<tr> 	
		<td align="left" class="tsw_infolabel" colspan="2">Kleidung (QL0 Epic)</td> </tr> 
	<tr> 	
		<td align="left" class="tsw_infolabel_slot" colspan="2">Einzigartig</td> </tr>  
	<tr> 	
		<td colspan="2"> <hr class="tsw_tooltip_hr"> </td>
		</tr> 
	<tr>	
		<td align="left" class="tsw_infolabel" colspan="2">Benutzen Sie dieses Objekt, um Ihrer Garderobe das Handobjekt <font color='#FF6600'>Rückenschild der unbefleckten Maschine - Panzerhandschuhe, weiß</font> hinzuzufügen.
		
	</td></tr>	
		
		
		
</table>		
]]>		
</tooltip></tswitem>		
