<?xml version="1.0" encoding="utf-8"?>		
<tswitem>		
<itemid>9122017</itemid>		
<name>Verbesserter Gegenschlag - Verteidigung - Kritscher Trefferwert</name>		
<iconpath>9122023</iconpath>		
<quality>5</quality>		
		
		
<tooltip><![CDATA[		
		
<table width="100%"> 		
	<tr> 	
		<td align="left" class="tsw_tooltiptitle tsw_q;QL_VALUE;" colspan="2">Verbesserter Gegenschlag - Verteidigung - Kritscher Trefferwert</td> </tr>
	<tr> 	
		<td align="left" class="tsw_infolabel" colspan="2">Gadget (QS 10 Episch)</td> </tr> 
	<tr> 	
		<td align="left" class="tsw_infolabel_slot" colspan="2">Charaktergebunden</td> </tr>  
	<tr> 	
		<td colspan="2"> <hr class="tsw_tooltip_hr"> </td>
		</tr> 
	<tr>	
		<td align="left" class="tsw_infolabel" colspan="2"><font color='#FFC600'>Gegenschlag:</font> <font color='#FF6600'>20</font> Sekunden lang erhalten Sie bei jedem erlittenen Streiftreffer <font color='#FF6600'>4</font> Sekunden lang <font color='#FF6600'>834</font> Kritischer Treffer-Wert.

Belegt alle Gegenschläge mit <font color='#FF6600'>2</font> Minuten Abklingzeit.
		
	</td></tr>	
		
		
		
</table>		
]]>		
</tooltip></tswitem>		
