<?xml version="1.0" encoding="utf-8"?>		
<tswitem>		
<itemid>9135291</itemid>		
<name>Broadway-Brosche</name>		
<iconpath>100011</iconpath>		
<quality>5</quality>		
		
		
<tooltip><![CDATA[		
		
<table width="100%"> 		
	<tr> 	
		<td align="left" class="tsw_tooltiptitle tsw_q;QL_VALUE;" colspan="2">Broadway-Brosche</td> </tr>
	<tr> 	
		<td align="left" class="tsw_infolabel" colspan="2">Okkulttalisman (QS 10.9 Episch)</td> </tr> 
	<tr> 	
		<td align="left" class="tsw_infolabel_slot" colspan="2">Charaktergebunden</td> </tr>  
	<tr> 	<td colspan="2"> <hr class="tsw_tooltip_hr"> </td><tr>
	<tr> 	<td align="left" width="5%" class="tsw_infolabel_hl"><font color='#FFC600'>+625</font> </td><td align="left" class="tsw_infolabel">Heilungswert </td> </tr>  
		
	<tr> 	<td colspan="2"> <hr class="tsw_tooltip_hr"> </td><tr>
	<tr>	
		<td align="left" class="tsw_infolabel" colspan="2">Immer wenn Sie ein Ziel heilen, das weniger als <font color='#FF6600'>66%</font> seiner Gesundheit hat, besteht eine Chance von <font color='#FF6600'>33%</font>, dass das Ziel zusätzlich einen positiven Effekt erhält, der seinen Körperlichen und Magischen Schutz um <font color='#FF6600'>400</font> erhöht, und zwar <font color='#FF6600'>10</font> Sekunden lang.
		
	</td></tr>	
	<tr> 	<td colspan="3"> <hr class="tsw_tooltip_hr"> </td><tr>
	<tr>  	<td align="right" class="tsw_item_manastone"></td> 
		 <td align="left" class="tsw_infolabel_slot">leerer Glyphen Slot </td></tr>  
</table>		
]]>		
</tooltip></tswitem>		
