<?xml version="1.0" encoding="utf-8"?>		
<tswitem>		
<itemid>9135292</itemid>		
<name>U-Bahn-Münzen</name>		
<iconpath>100009</iconpath>		
<quality>5</quality>		
		
		
<tooltip><![CDATA[		
		
<table width="100%"> 		
	<tr> 	
		<td align="left" class="tsw_tooltiptitle tsw_q;QL_VALUE;" colspan="2">U-Bahn-Münzen</td> </tr>
	<tr> 	
		<td align="left" class="tsw_infolabel" colspan="2">Glücktalisman (QS 10.9 Episch)</td> </tr> 
	<tr> 	
		<td align="left" class="tsw_infolabel_slot" colspan="2">Charaktergebunden</td> </tr>  
	<tr> 	<td colspan="2"> <hr class="tsw_tooltip_hr"> </td><tr>
	<tr> 	<td align="left" width="5%" class="tsw_infolabel_hl"><font color='#FFC600'>+625</font> </td><td align="left" class="tsw_infolabel">Angriffswert </td> </tr>  
		
	<tr> 	<td colspan="2"> <hr class="tsw_tooltip_hr"> </td><tr>
	<tr>	
		<td align="left" class="tsw_infolabel" colspan="2">Alle <font color='#FF6600'>6</font> Sekunden erhalten Sie einen Stapel eines positiven Effekts, der jeden verursachten Schaden um <font color='#FF6600'>1%</font> pro Stapel erhöht. Dieser Effekt wird entfernt, wenn Sie einen Streiftreffer erzielen oder die Anzahl der Stapel <font color='#FF6600'>10</font> übersteigt.
		
	</td></tr>	
	<tr> 	<td colspan="3"> <hr class="tsw_tooltip_hr"> </td><tr>
	<tr>  	<td align="right" class="tsw_item_manastone"></td> 
		 <td align="left" class="tsw_infolabel_slot">leerer Glyphen Slot </td></tr>  
</table>		
]]>		
</tooltip></tswitem>		
