<?xml version="1.0" encoding="utf-8"?>		
<tswitem>		
<itemid>9141549</itemid>		
<name>Sekret der äußeren Götter</name>		
<iconpath>9141549</iconpath>		
<quality>5</quality>		
		
		
<tooltip><![CDATA[		
		
<table width="100%"> 		
	<tr> 	
		<td align="left" class="tsw_tooltiptitle tsw_q;QL_VALUE;" colspan="2">Sekret der äußeren Götter</td> </tr>
	<tr> 	
		<td align="left" class="tsw_infolabel" colspan="2">Kopftalisman (QS 10.9 Episch)</td> </tr> 
	<tr> 	
		<td align="left" class="tsw_infolabel_slot" colspan="2">Charaktergebunden</td> </tr>  
	<tr> 	<td colspan="2"> <hr class="tsw_tooltip_hr"> </td><tr>
	<tr> 	<td align="left" width="5%" class="tsw_infolabel_hl"><font color='#FFC600'>+1077</font> </td><td align="left" class="tsw_infolabel"> Heilungswert </td> </tr>  
		
	<tr> 	<td colspan="2"> <hr class="tsw_tooltip_hr"> </td><tr>
	<tr>	
		<td align="left" class="tsw_infolabel" colspan="2">Immer wenn Sie einen Verbündeten mit einem Heilungseffekt belegen, besteht eine Chance von <font color='#FF6600'>10%</font>, das Ziel um zusätzliche <font color='#FF6600'>3%</font> seiner Maximalgesundheit zu heilen. Das kann höchstens alle <font color='#FF6600'>5</font> Sekunden vorkommen.
		
	</td></tr>	
	<tr> 	<td colspan="3"> <hr class="tsw_tooltip_hr"> </td><tr>
	<tr>  	<td align="right" class="tsw_item_manastone"></td> 
		 <td align="left" class="tsw_infolabel_slot">leerer Glyphen Slot </td></tr>  
</table>		
]]>		
</tooltip></tswitem>		
