<?xml version="1.0" encoding="utf-8"?>		
<tswitem>		
<itemid>9142125</itemid>		
<name>Staub des Schwarzen Pharaos</name>		
<iconpath>9142125</iconpath>		
<quality>5</quality>		
		
		
<tooltip><![CDATA[		
		
<table width="100%"> 		
	<tr> 	
		<td align="left" class="tsw_tooltiptitle tsw_q;QL_VALUE;" colspan="2">Staub des Schwarzen Pharaos</td> </tr>
	<tr> 	
		<td align="left" class="tsw_infolabel" colspan="2">Kopftalisman (QS 10.9 Episch)</td> </tr> 
	<tr> 	
		<td align="left" class="tsw_infolabel_slot" colspan="2">Charaktergebunden</td> </tr>  
	<tr> 	<td colspan="2"> <hr class="tsw_tooltip_hr"> </td><tr>
	<tr> 	<td align="left" width="5%" class="tsw_infolabel_hl"><font color='#FFC600'>+1077</font> </td><td align="left" class="tsw_infolabel">Angriffswert </td> </tr>  
		
	<tr> 	<td colspan="2"> <hr class="tsw_tooltip_hr"> </td><tr>
	<tr>	
		<td align="left" class="tsw_infolabel" colspan="2">Bei jedem Ihrer kritischen Treffer besteht eine Chance von <font color='#FF6600'>20%</font>, einen zusätzlichen Treffer mit <font color='#FF6600'>100%</font> des verursachten Schadens zu erzielen.
		
	</td></tr>	
	<tr> 	<td colspan="3"> <hr class="tsw_tooltip_hr"> </td><tr>
	<tr>  	<td align="right" class="tsw_item_manastone"></td> 
		 <td align="left" class="tsw_infolabel_slot">leerer Glyphen Slot </td></tr>  
</table>		
]]>		
</tooltip></tswitem>		
