<?xml version="1.0" encoding="utf-8"?>		
<tswitem>		
<itemid>9143879</itemid>		
<name>Armschutz des Ghulkönigs</name>		
<iconpath>9143879</iconpath>		
<quality>5</quality>		
		
		
<tooltip><![CDATA[		
		
<table width="100%"> 		
	<tr> 	
		<td align="left" class="tsw_tooltiptitle tsw_q;QL_VALUE;" colspan="2">Armschutz des Ghulkönigs</td> </tr>
	<tr> 	
		<td align="left" class="tsw_infolabel" colspan="2">Handgelenktalisman (QS 10.9 Episch)</td> </tr> 
	<tr> 	
		<td align="left" class="tsw_infolabel_slot" colspan="2">Charaktergebunden</td> </tr>  
	<tr> 	<td colspan="2"> <hr class="tsw_tooltip_hr"> </td><tr>
	<tr> 	<td align="left" width="5%" class="tsw_infolabel_hl"><font color='#FFC600'>+972</font> </td><td align="left" class="tsw_infolabel">Heilungswert </td> </tr>  
		
	<tr> 	<td colspan="2"> <hr class="tsw_tooltip_hr"> </td><tr>
	<tr>	
		<td align="left" class="tsw_infolabel" colspan="2">Wenn Sie einen Verbündeten heilen, haben Sie eine <font color='#FF6600'>5%</font>-Chance, am Boden einen positiven Bereichseffekt zu erzeugen. Verbündete in diesem Bereich erhalten einen positiven Effekt, der ihren Schaden um <font color='#FF6600'>10%</font> erhöht.
		
	</td></tr>	
	<tr> 	<td colspan="3"> <hr class="tsw_tooltip_hr"> </td><tr>
	<tr>  	<td align="right" class="tsw_item_manastone"></td> 
		 <td align="left" class="tsw_infolabel_slot">leerer Glyphen Slot </td></tr>  
</table>		
]]>		
</tooltip></tswitem>		
