<?xml version="1.0" encoding="utf-8"?>		
<tswitem>		
<itemid>9167542</itemid>		
<name>Siegel der Autonomie</name>		
<iconpath>200004</iconpath>		
<quality>7</quality>		
		
		
<tooltip><![CDATA[		
		
<table width="100%"> 		
	<tr> 	
		<td align="left" class="tsw_tooltiptitle tsw_q;QL_VALUE;" colspan="2">Siegel der Autonomie</td> </tr>
	<tr> 	
		<td align="left" class="tsw_infolabel" colspan="2">Siegel (QS 10)</td> </tr> 
	<tr> 	
		<td align="left" class="tsw_infolabel_slot" colspan="2">Handelbar</td> </tr>  
	<tr> 	
		<td colspan="2"> <hr class="tsw_tooltip_hr"> </td>
		</tr> 
	<tr>	
		<td align="left" class="tsw_infolabel" colspan="2">
      Effekt: Wenn ein Behindern- oder Beeinträchtigen-Effekt endet, erhalten Sie <span class="tsw_q3">0,75</span>/<span class="tsw_q4">1,5</span>/<span class="tsw_q5">2,25</span> Sekunden lang Immunität gegen Behindern- oder Beeinträchtigen-Effekte. Dieses Siegel kann an Kopftalismanen angebracht werden.

	</td></tr>	
		
		
		
</table>		
]]>		
</tooltip></tswitem>		
