<?xml version="1.0" encoding="utf-8"?>		
<tswitem>		
<itemid>9176612</itemid>		
<name>Siegel von Houdinis List</name>		
<iconpath>200005</iconpath>		
<quality>7</quality>		
		
		
<tooltip><![CDATA[		
		
<table width="100%"> 		
	<tr> 	
		<td align="left" class="tsw_tooltiptitle tsw_q;QL_VALUE;" colspan="2">Siegel von Houdinis List</td> </tr>
	<tr> 	
		<td align="left" class="tsw_infolabel" colspan="2">Siegel (QS 10)</td> </tr> 
	<tr> 	
		<td align="left" class="tsw_infolabel_slot" colspan="2">Handelbar</td> </tr>  
	<tr> 	
		<td colspan="2"> <hr class="tsw_tooltip_hr"> </td>
		</tr> 
	<tr>	
		<td align="left" class="tsw_infolabel" colspan="2">
      Effekt: Wenn Sie mit einem Behindert- oder Beeinträchtigt-Effekt belegt sind, werden die aktuellen Aufladezeiten Ihrer Kräfte zum Beenden von Massenkontrolle-Effekten um <span class="tsw_q3">3</span>/<span class="tsw_q4">6</span>/<span class="tsw_q5">9</span> Sekunden verkürzt. Dieses Siegel kann an Kopftalismanen angebracht werden.


		
	</td></tr>	
		
		
		
</table>		
]]>		
</tooltip></tswitem>		
