<?xml version="1.0" encoding="utf-8"?>		
<tswitem>		
<itemid>9176752</itemid>		
<name>Siegel der Entgegnung</name>		
<iconpath>200005</iconpath>		
<quality>7</quality>		
		
		
<tooltip><![CDATA[		
		
<table width="100%"> 		
	<tr> 	
		<td align="left" class="tsw_tooltiptitle tsw_q;QL_VALUE;" colspan="2">Siegel der Entgegnung</td> </tr>
	<tr> 	
		<td align="left" class="tsw_infolabel" colspan="2">Siegel (QS 10)</td> </tr> 
	<tr> 	
		<td align="left" class="tsw_infolabel_slot" colspan="2">Handelbar</td> </tr>  
	<tr> 	
		<td colspan="2"> <hr class="tsw_tooltip_hr"> </td>
		</tr> 
	<tr>	
		<td align="left" class="tsw_infolabel" colspan="2">
      Effekt: Wenn Sie blocken, ausweichen oder einen Streiftreffer erleiden, erhalten Sie einen positiven Effekt, der Ihre Kritischer Treffer-Chance und Ihre Durchdringungschance <font color='#FF6600'>2</font> Sekunden lang um <span class="tsw_q3">6%</span>/<span class="tsw_q4">12%</span>/<span class="tsw_q5">18%</span> erhöht. Dieses Siegel kann an Kopftalismanen angebracht werden.

   
		
	</td></tr>	
		
		
		
</table>		
]]>		
</tooltip></tswitem>		
