<?xml version="1.0" encoding="utf-8"?>		
<tswitem>		
<itemid>9176311</itemid>		
<name>Siegel der gesegneten Schritte</name>		
<iconpath>200021</iconpath>		
<quality>7</quality>		
		
		
<tooltip><![CDATA[		
		
<table width="100%"> 		
	<tr> 	
		<td align="left" class="tsw_tooltiptitle tsw_q;QL_VALUE;" colspan="2">Siegel der gesegneten Schritte</td> </tr>
	<tr> 	
		<td align="left" class="tsw_infolabel" colspan="2">Siegel (QS 10)</td> </tr> 
	<tr> 	
		<td align="left" class="tsw_infolabel_slot" colspan="2">Handelbar</td> </tr>  
	<tr> 	
		<td colspan="2"> <hr class="tsw_tooltip_hr"> </td>
		</tr> 
	<tr>	
		<td align="left" class="tsw_infolabel" colspan="2">
      Effekt: Wenn Sie einen Verbündeten mit einem Barriere-Effekt belegen, erhält er einen positiven Effekt, der seine Ausweichchance <font color='#FF6600'>10</font> Sekunden lang um <span class="tsw_q3">4%</span>/<span class="tsw_q4">8%</span>/<span class="tsw_q5">12%</span> erhöht. Der Effekt endet, wenn der Barriere-Effekt von dem Verbündeten entfernt wird. Dieses Siegel kann an Kopftalismanen oder Waffen angebracht werden.


	</td></tr>	
		
		
		
</table>		
]]>		
</tooltip></tswitem>		