<?xml version="1.0" encoding="utf-8"?>		
<tswitem>		
<itemid>9185451</itemid>		
<name>Siegel des Gnadenstoßes</name>		
<iconpath>200002</iconpath>		
<quality>7</quality>		
		
		
<tooltip><![CDATA[		
		
<table width="100%"> 		
	<tr> 	
		<td align="left" class="tsw_tooltiptitle tsw_q;QL_VALUE;" colspan="2">Siegel des Gnadenstoßes</td> </tr>
	<tr> 	
		<td align="left" class="tsw_infolabel" colspan="2">Siegel (QS 10)</td> </tr> 
	<tr> 	
		<td align="left" class="tsw_infolabel_slot" colspan="2">Handelbar</td> </tr>  
	<tr> 	
		<td colspan="2"> <hr class="tsw_tooltip_hr"> </td>
		</tr> 
	<tr>	
		<td align="left" class="tsw_infolabel" colspan="2">
      Effekt: Treffen Sie ein Ziel, das weniger als <font color='#FF6600'>35 %</font> Gesundheit hat, haben Sie eine <font color='#FF6600'>33 %</font>-Chance, dem Ziel <span class="tsw_q3">150-300</span>/<span class="tsw_q4">300-600</span>/<span class="tsw_q5">450-900</span> zusätzlichen körperlichen Schaden zuzufügen. Je näher das Ziel dem Tod ist, desto größer ist der verursachte Schaden. Dieses Siegel kann an großen Talismanen angebracht werden.

    
		
	</td></tr>	
		
		
		
</table>		
]]>		
</tooltip></tswitem>		
