<?xml version="1.0" encoding="utf-8"?>		
<tswitem>		
<itemid>9185369</itemid>		
<name>Siegel des geteilten Leides</name>		
<iconpath>200001</iconpath>		
<quality>7</quality>		
		
		
<tooltip><![CDATA[		
		
<table width="100%"> 		
	<tr> 	
		<td align="left" class="tsw_tooltiptitle tsw_q;QL_VALUE;" colspan="2">Siegel des geteilten Leides</td> </tr>
	<tr> 	
		<td align="left" class="tsw_infolabel" colspan="2">Siegel (QS 10)</td> </tr> 
	<tr> 	
		<td align="left" class="tsw_infolabel_slot" colspan="2">Handelbar</td> </tr>  
	<tr> 	
		<td colspan="2"> <hr class="tsw_tooltip_hr"> </td>
		</tr> 
	<tr>	
		<td align="left" class="tsw_infolabel" colspan="2">
      Effekt: Erleiden Sie durch einen einzigen Treffer <font color='#FF6600'>300</font> oder mehr Schaden, fügen Sie Gegnern in Ihrer Nähe <span class="tsw_q3">100</span>/<span class="tsw_q4">200</span>/<span class="tsw_q5">300</span> körperlichen Schaden zu. Dieses Siegel kann an großen Talismanen angebracht werden.

    	
	</td></tr>	
		
		
		
</table>		
]]>		
</tooltip></tswitem>		
