<?xml version="1.0" encoding="utf-8"?>		
<tswitem>		
<itemid>9185502</itemid>		
<name>Siegel der beständigen Bosheit</name>		
<iconpath>200002</iconpath>		
<quality>7</quality>		
		
		
<tooltip><![CDATA[		
		
<table width="100%"> 		
	<tr> 	
		<td align="left" class="tsw_tooltiptitle tsw_q;QL_VALUE;" colspan="2">Siegel der beständigen Bosheit</td> </tr>
	<tr> 	
		<td align="left" class="tsw_infolabel" colspan="2">Siegel (QS 10)</td> </tr> 
	<tr> 	
		<td align="left" class="tsw_infolabel_slot" colspan="2">Handelbar</td> </tr>  
	<tr> 	
		<td colspan="2"> <hr class="tsw_tooltip_hr"> </td>
		</tr> 
	<tr>	
		<td align="left" class="tsw_infolabel" colspan="2">
      Effekt: Verringert die Chance, dass Gegner Ihren Angriffen ausweichen, um <span class="tsw_q3">3%</span>/<span class="tsw_q4">6%</span>/<span class="tsw_q5">9%</span>. Dieses Siegel kann an großen Talismanen angebracht werden.


		
	</td></tr>	
		
		
		
</table>		
]]>		
</tooltip></tswitem>		
