<?xml version="1.0" encoding="utf-8"?>		
<tswitem>		
<itemid>9185332</itemid>		
<name>Siegel von Nergals Zorn</name>		
<iconpath>200001</iconpath>		
<quality>7</quality>		
		
		
<tooltip><![CDATA[		
		
<table width="100%"> 		
	<tr> 	
		<td align="left" class="tsw_tooltiptitle tsw_q;QL_VALUE;" colspan="2">Siegel von Nergals Zorn</td> </tr>
	<tr> 	
		<td align="left" class="tsw_infolabel" colspan="2">Siegel (QS 10)</td> </tr> 
	<tr> 	
		<td align="left" class="tsw_infolabel_slot" colspan="2">Handelbar</td> </tr>  
	<tr> 	
		<td colspan="2"> <hr class="tsw_tooltip_hr"> </td>
		</tr> 
	<tr>	
		<td align="left" class="tsw_infolabel" colspan="2">
      Effekt: Werden Sie getroffen, haben Sie eine <span class="tsw_q3">5%</span>/<span class="tsw_q4">10%</span>/<span class="tsw_q5">15%</span> -Chance, den Angreifer mit einem Lähmungs-, Verderbtheits- oder Schutzlosigkeitseffekt zu belegen. Wenn Sie den Angriff blocken, ausweichen oder einen Streiftreffer erleiden, haben Sie eine zusätzliche <span class="tsw_q3">5%</span>/<span class="tsw_q4">10%</span>/<span class="tsw_q5">15%</span> -Chance, Ihren Angreifer mit einem Lähmungs-, Verderbtheits- oder Schutzlosigkeitseffekt zu belegen. Dieses Siegel kann an großen Talismanen angebracht werden.

	</td></tr>	
		
		
		
</table>		
]]>		
</tooltip></tswitem>		
