<?xml version="1.0" encoding="utf-8"?>		
<tswitem>		
<itemid>9186086</itemid>		
<name>Siegel der Ablenkung</name>		
<iconpath>200011</iconpath>		
<quality>7</quality>		
		
		
<tooltip><![CDATA[		
		
<table width="100%"> 		
	<tr> 	
		<td align="left" class="tsw_tooltiptitle tsw_q;QL_VALUE;" colspan="2">Siegel der Ablenkung</td> </tr>
	<tr> 	
		<td align="left" class="tsw_infolabel" colspan="2">Siegel (QS 10)</td> </tr> 
	<tr> 	
		<td align="left" class="tsw_infolabel_slot" colspan="2">Handelbar</td> </tr>  
	<tr> 	
		<td colspan="2"> <hr class="tsw_tooltip_hr"> </td>
		</tr> 
	<tr>	
		<td align="left" class="tsw_infolabel" colspan="2">
      Effekt: Werden Sie von einem Ziel getroffen, das mehr als <font color='#FF6600'>12</font> Meter entfernt ist, erhalten Sie einen positiven Effekt, der den erlittenen Schaden <font color='#FF6600'>3</font> Sekunden lang um <span class="tsw_q3">3%</span>/<span class="tsw_q4">6%</span>/<span class="tsw_q5">9%</span> senkt. Dieses Siegel kann an kleinen Talismanen angebracht werden.

	</td></tr>	
		
		
		
</table>		
]]>		
</tooltip></tswitem>		
