<?xml version="1.0" encoding="utf-8"?>		
<tswitem>		
<itemid>9190657</itemid>		
<name>Siegel der Unablässigkeit</name>		
<iconpath>200011</iconpath>		
<quality>7</quality>		
		
		
<tooltip><![CDATA[		
		
<table width="100%"> 		
	<tr> 	
		<td align="left" class="tsw_tooltiptitle tsw_q;QL_VALUE;" colspan="2">Siegel der Unablässigkeit</td> </tr>
	<tr> 	
		<td align="left" class="tsw_infolabel" colspan="2">Siegel (QS 10)</td> </tr> 
	<tr> 	
		<td align="left" class="tsw_infolabel_slot" colspan="2">Handelbar</td> </tr>  
	<tr> 	
		<td colspan="2"> <hr class="tsw_tooltip_hr"> </td>
		</tr> 
	<tr>	
		<td align="left" class="tsw_infolabel" colspan="2">
      Effekt: Wenn Sie ein Angriff durchdringt oder Ihnen als kritischer Treffer mehr als <font color='#FF6600'>700</font> Schaden zufügt, regenerieren Sie sofort <span class="tsw_q3">5%</span>/<span class="tsw_q4">10%</span>/<span class="tsw_q5">15%</span> des Schadens. Dieses Siegel kann an kleinen Talismanen angebracht werden.

   		
	</td></tr>	
		
		
		
</table>		
]]>		
</tooltip></tswitem>		
