<?xml version="1.0" encoding="utf-8"?>		
<tswitem>		
<itemid>9190691</itemid>		
<name>Siegel der Erholung</name>		
<iconpath>200010</iconpath>		
<quality>7</quality>		
		
		
<tooltip><![CDATA[		
		
<table width="100%"> 		
	<tr> 	
		<td align="left" class="tsw_tooltiptitle tsw_q;QL_VALUE;" colspan="2">Siegel der Erholung</td> </tr>
	<tr> 	
		<td align="left" class="tsw_infolabel" colspan="2">Siegel (QS 10)</td> </tr> 
	<tr> 	
		<td align="left" class="tsw_infolabel_slot" colspan="2">Handelbar</td> </tr>  
	<tr> 	
		<td colspan="2"> <hr class="tsw_tooltip_hr"> </td>
		</tr> 
	<tr>	
		<td align="left" class="tsw_infolabel" colspan="2">
      Effekt: Belegen Sie einen Verbündeten mit einem Heilung-über-Zeit-Effekt, haben Sie eine <span class="tsw_q3">33%</span>/<span class="tsw_q4">66%</span>/<span class="tsw_q5">100%</span>-Chance, ihn <font color='#FF6600'>4</font> Sekunden lang mit einem positiven Effekt zu belegen. Endet dieser Effekt, regeneriert der Verbündete <span class="tsw_q3">7,5%</span>/<span class="tsw_q4">15%</span>/<span class="tsw_q5">22,5%</span> des während der Laufzeit des Effektes erlittenen Schadens. Dieser Effekt kann nur alle <font color='#FF6600'>15</font> Sekunden aktiviert werden. Dieses Siegel kann an kleinen Talismanen angebracht werden.

		
	</td></tr>	
		
		
		
</table>		
]]>		
</tooltip></tswitem>		
