<?xml version="1.0" encoding="utf-8"?>		
<tswitem>		
<itemid>9190781</itemid>		
<name>Siegel der Verzweiflung</name>		
<iconpath>200010</iconpath>		
<quality>7</quality>		
		
		
<tooltip><![CDATA[		
		
<table width="100%"> 		
	<tr> 	
		<td align="left" class="tsw_tooltiptitle tsw_q;QL_VALUE;" colspan="2">Siegel der Verzweiflung</td> </tr>
	<tr> 	
		<td align="left" class="tsw_infolabel" colspan="2">Siegel (QS 10)</td> </tr> 
	<tr> 	
		<td align="left" class="tsw_infolabel_slot" colspan="2">Handelbar</td> </tr>  
	<tr> 	
		<td colspan="2"> <hr class="tsw_tooltip_hr"> </td>
		</tr> 
	<tr>	
		<td align="left" class="tsw_infolabel" colspan="2">
      Effekt: Wenn Sie einen Verbündeten mit weniger als <font color='#FF6600'>50 %</font> Gesundheit direkt heilen, regenerieren Sie bei ihm weitere <span class="tsw_q3">200-800</span>/<span class="tsw_q4">400-1600</span>/<span class="tsw_q5">600-2400</span> Gesundheit. Je näher Ihr Verbündeter dem Tod ist, desto mehr Gesundheit wird regeneriert. Dieser Effekt kann nur alle <font color='#FF6600'>20</font> Sekunden aktiviert werden. Dieses Siegel kann an kleinen Talismanen angebracht werden.

	</td></tr>	
		
		
		
</table>		
]]>		
</tooltip></tswitem>		
