<?xml version="1.0" encoding="utf-8"?>
<list>
<tswitem id="100001" name="Astral-Lunte" quality="5"/>
<tswitem id="100002" name="Prüfsteinupgrade" quality="5"/>
<tswitem id="100003" name="Blut der Alten" quality="5"/>
<tswitem id="100004" name="Zeichen der Sternenbrut" quality="5"/>
<tswitem id="100005" name="Asche der alten Wesen" quality="5"/>
<tswitem id="100006" name="Coney-Island-Ring" quality="5"/>
<tswitem id="100007" name="Egon-Anhänger" quality="5"/>
<tswitem id="100008" name="Brooklyn-Armschutz" quality="5"/>
<tswitem id="100009" name="U-Bahn-Münzen" quality="5"/>
<tswitem id="100010" name="NY-Schnalle" quality="5"/>
<tswitem id="100011" name="Broadway-Brosche" quality="5"/>
<tswitem id="100012" name="Objektive Wahrheit" quality="5"/>
<tswitem id="100013" name="Die Bronx" quality="5"/>
<tswitem id="100014" name="Jenseits der Gewalt" quality="5"/>
<tswitem id="100015" name="Ende aller Tage" quality="5"/>
<tswitem id="100016" name="Die Flugbahn" quality="5"/>
<tswitem id="100017" name="Das fünfte Element" quality="5"/>
<tswitem id="100018" name="Sternenmaß" quality="5"/>
<tswitem id="100019" name="Gut und Böse" quality="5"/>
<tswitem id="100020" name="Letzter Angriff" quality="5"/>
<tswitem id="100021" name="Kondensator des dritten Kerns" quality="6"/>
<tswitem id="100022" name="Überirdische Diode" quality="6"/>
<tswitem id="8130815" name="Polyeder der Merkwürdigkeit" quality="5"/>
<tswitem id="8130823" name="Gewundener Neunaugengürtel" quality="5"/>
<tswitem id="8130847" name="Umhang des Vampirtintenfischs" quality="5"/>
<tswitem id="8130848" name="Ring der Molluskengötter" quality="5"/>
<tswitem id="8130849" name="Medaillon der Tentakelhimmel" quality="5"/>
<tswitem id="8130850" name="Fessel des Grenzlauerers" quality="5"/>
<tswitem id="8130980" name="Sepiatinte" quality="5"/>
<tswitem id="8130981" name="Biolumineszierende Alge" quality="5"/>
<tswitem id="8130982" name="Widerliches Sekret" quality="5"/>
<tswitem id="8130984" name="Ereignishorizontkanon" quality="5"/>
<tswitem id="8130985" name="Unheimliche Schnitter" quality="5"/>
<tswitem id="8130986" name="Regen der äußeren Götter" quality="5"/>
<tswitem id="8131219" name="Züchtiger der ältesten Nacht" quality="5"/>
<tswitem id="8131220" name="Verschlungene Krallen" quality="5"/>
<tswitem id="8131221" name="Spalter der äußeren Finsternis" quality="5"/>
<tswitem id="8131222" name="De Vermis Mysteriis" quality="5"/>
<tswitem id="8131223" name="Kugel des unheilvollen Wurmfeuers" quality="5"/>
<tswitem id="8131224" name="Maske des kriechenden Chaos" quality="5"/>
<tswitem id="7894446" name="Upgrade-Werkzeugsatz für Nebenwaffen" quality="5"/>

<tswitem id="200001" name="Siegel der Besserung" quality="7"/>
<tswitem id="200002" name="Siegel der Gewalt" quality="7"/>
<tswitem id="200003" name="Siegel der Lebenskraft" quality="7"/>
<tswitem id="200004" name="Siegel der Verderbtheit" quality="7"/>
<tswitem id="200005" name="Siegel der Disziplin" quality="7"/>
<tswitem id="200006" name="Siegel der Ordnung" quality="7"/>
<tswitem id="200007" name="Siegel der Verstärkung" quality="7"/>
<tswitem id="200008" name="Siegel der Widerstandsfähigkeit" quality="7"/>
<tswitem id="200009" name="Siegel der Segnung" quality="7"/>
<tswitem id="200010" name="Siegel der Mäßigung" quality="7"/>
<tswitem id="200011" name="Siegel des grausamen Entzückens" quality="7"/>
<tswitem id="200012" name="Siegel des Heldenmuts" quality="7"/>
<tswitem id="200013" name="Siegel der Misshandlung" quality="7"/>
<tswitem id="200014" name="Siegel der Aggression" quality="7"/>
<tswitem id="200015" name="Siegel des Eindringens" quality="7"/>
<tswitem id="200016" name="Siegel der Züchtigung" quality="7"/>
<tswitem id="200017" name="Siegel der Raserei" quality="7"/>
<tswitem id="200018" name="Siegel des Zerfleischens" quality="7"/>
<tswitem id="200019" name="Siegel des Opportunismus" quality="7"/>
<tswitem id="200020" name="Siegel des Sadismus" quality="7"/>
<tswitem id="200021" name="Siegel der Haft" quality="7"/>
<tswitem id="200022" name="Siegel der Befreiung" quality="7"/>
<tswitem id="200023" name="Siegel des Verbots" quality="7"/>
<tswitem id="200024" name="Siegel des Gehorsams" quality="7"/>
<tswitem id="200025" name="Siegel des Meuchelmords" quality="7"/>
<tswitem id="200026" name="Siegel der Sperrung" quality="7"/>
<tswitem id="200027" name="Siegel des Spaltens" quality="7"/>
<tswitem id="200028" name="Siegel der Verzerrung" quality="7"/>
<tswitem id="200029" name="Siegel der Ausführung" quality="7"/>
<tswitem id="200030" name="Siegel des Flusses" quality="7"/>
<tswitem id="200031" name="Siegel der Verflüssigung" quality="7"/>
<tswitem id="200032" name="Siegel des Zorns" quality="7"/>
<tswitem id="200033" name="Siegel des Einschließens" quality="7"/>
<tswitem id="200034" name="Siegel der Verzahnung" quality="7"/>
<tswitem id="200035" name="Siegel der Splitter" quality="7"/>
<tswitem id="200036" name="Siegel des Zerschmetterns" quality="7"/>
<tswitem id="200037" name="Siegel des Sturms" quality="7"/>
<tswitem id="200038" name="Siegel der Schwerter" quality="7"/>
<tswitem id="200039" name="Siegel der Unterwerfung" quality="7"/>
<tswitem id="200040" name="Siegel der Bücher" quality="7"/>
<tswitem id="200041" name="Siegel der Gelassenheit" quality="7"/>
<tswitem id="200042" name="Siegel des Echoes" quality="7"/>
<tswitem id="200043" name="Siegel der Ausgeglichenheit" quality="7"/>
<tswitem id="200044" name="Siegel des Durstes" quality="7"/>
<tswitem id="200045" name="Siegel der Harmonie" quality="7"/>
<tswitem id="200046" name="Siegel des Hungers" quality="7"/>
<tswitem id="200047" name="Siegel der Sicherheit" quality="7"/>
<tswitem id="200048" name="Siegel der Verjüngung" quality="7"/>
<tswitem id="200049" name="Siegel der Erlösung" quality="7"/>
<tswitem id="200050" name="Siegel der Abtragung" quality="7"/>
<tswitem id="200051" name="Siegel der Befestigung" quality="7"/>
<tswitem id="200052" name="Siegel des Hasses" quality="7"/>
<tswitem id="200053" name="Nebenwaffen-Prägung" quality="7"/>
<tswitem id="200054" name="Nebenwaffen-Augur" quality="7"/>
<tswitem id="200055" name="Nebenwaffen-Bindung" quality="7"/>
<tswitem id="200056" name="Nebenwaffen-Overdrive" quality="7"/>
<tswitem id="200057" name="Nebenwaffen-Bulle" quality="7"/>
<tswitem id="200058" name="Nebenwaffen-Einklang" quality="7"/>
<tswitem id="200059" name="Nebenwaffen-Mod" quality="7"/>
<tswitem id="200060" name="Nebenwaffen-Ladung" quality="7"/>

<tswitem id="200001" name="Grünes Siegel der Besserung" quality="3" />
<tswitem id="200002" name="Grünes Siegel der Gewalt" quality="3" />
<tswitem id="200003" name="Grünes Siegel der Lebenskraft" quality="3" />
<tswitem id="200004" name="Grünes Siegel der Verderbtheit" quality="3" />
<tswitem id="200005" name="Grünes Siegel der Disziplin" quality="3" />
<tswitem id="200006" name="Grünes Siegel der Ordnung" quality="3" />
<tswitem id="200007" name="Grünes Siegel der Verstärkung" quality="3" />
<tswitem id="200008" name="Grünes Siegel der Widerstandsfähigkeit" quality="3" />
<tswitem id="200009" name="Grünes Siegel der Segnung" quality="3" />
<tswitem id="200010" name="Grünes Siegel der Mäßigung" quality="3" />
<tswitem id="200011" name="Grünes Siegel des grausamen Entzückens" quality="3" />
<tswitem id="200012" name="Grünes Siegel des Heldenmuts" quality="3" />
<tswitem id="200013" name="Grünes Siegel der Misshandlung" quality="3" />
<tswitem id="200014" name="Grünes Siegel der Aggression" quality="3" />
<tswitem id="200015" name="Grünes Siegel des Eindringens" quality="3" />
<tswitem id="200016" name="Grünes Siegel der Züchtigung" quality="3" />
<tswitem id="200017" name="Grünes Siegel der Raserei" quality="3" />
<tswitem id="200018" name="Grünes Siegel des Zerfleischens" quality="3" />
<tswitem id="200019" name="Grünes Siegel des Opportunismus" quality="3" />
<tswitem id="200020" name="Grünes Siegel des Sadismus" quality="3" />
<tswitem id="200021" name="Grünes Siegel der Haft" quality="3" />
<tswitem id="200022" name="Grünes Siegel der Befreiung" quality="3" />
<tswitem id="200023" name="Grünes Siegel des Verbots" quality="3" />
<tswitem id="200024" name="Grünes Siegel des Gehorsams" quality="3" />
<tswitem id="200025" name="Grünes Siegel des Meuchelmords" quality="3" />
<tswitem id="200026" name="Grünes Siegel der Sperrung" quality="3" />
<tswitem id="200027" name="Grünes Siegel des Spaltens" quality="3" />
<tswitem id="200028" name="Grünes Siegel der Verzerrung" quality="3" />
<tswitem id="200029" name="Grünes Siegel der Ausführung" quality="3" />
<tswitem id="200030" name="Grünes Siegel des Flusses" quality="3" />
<tswitem id="200031" name="Grünes Siegel der Verflüssigung" quality="3" />
<tswitem id="200032" name="Grünes Siegel des Zorns" quality="3" />
<tswitem id="200033" name="Grünes Siegel des Einschließens" quality="3" />
<tswitem id="200034" name="Grünes Siegel der Verzahnung" quality="3" />
<tswitem id="200035" name="Grünes Siegel der Splitter" quality="3" />
<tswitem id="200036" name="Grünes Siegel des Zerschmetterns" quality="3" />
<tswitem id="200037" name="Grünes Siegel des Sturms" quality="3" />
<tswitem id="200038" name="Grünes Siegel der Schwerter" quality="3" />
<tswitem id="200039" name="Grünes Siegel der Unterwerfung" quality="3" />
<tswitem id="200040" name="Grünes Siegel der Bücher" quality="3" />
<tswitem id="200041" name="Grünes Siegel der Gelassenheit" quality="3" />
<tswitem id="200042" name="Grünes Siegel des Echoes" quality="3" />
<tswitem id="200043" name="Grünes Siegel der Ausgeglichenheit" quality="3" />
<tswitem id="200044" name="Grünes Siegel des Durstes" quality="3" />
<tswitem id="200045" name="Grünes Siegel der Harmonie" quality="3" />
<tswitem id="200046" name="Grünes Siegel des Hungers" quality="3" />
<tswitem id="200047" name="Grünes Siegel der Sicherheit" quality="3" />
<tswitem id="200048" name="Grünes Siegel der Verjüngung" quality="3" />
<tswitem id="200049" name="Grünes Siegel der Erlösung" quality="3" />
<tswitem id="200050" name="Grünes Siegel der Abtragung" quality="3" />
<tswitem id="200051" name="Grünes Siegel der Befestigung" quality="3" />
<tswitem id="200052" name="Grünes Siegel des Hasses" quality="3" />
<tswitem id="200053" name="Grünes Nebenwaffen-Prägung" quality="3" />
<tswitem id="200054" name="Grünes Nebenwaffen-Augur" quality="3" />
<tswitem id="200055" name="Grünes Nebenwaffen-Bindung" quality="3" />
<tswitem id="200056" name="Grünes Nebenwaffen-Overdrive" quality="3" />
<tswitem id="200057" name="Grünes Nebenwaffen-Bulle" quality="3" />
<tswitem id="200058" name="Grünes Nebenwaffen-Einklang" quality="3" />
<tswitem id="200059" name="Grünes Nebenwaffen-Mod" quality="3" />
<tswitem id="200060" name="Grünes Nebenwaffen-Ladung" quality="3" />

<tswitem id="200001" name="Blaues Siegel der Besserung" quality="4" />
<tswitem id="200002" name="Blaues Siegel der Gewalt" quality="4" />
<tswitem id="200003" name="Blaues Siegel der Lebenskraft" quality="4" />
<tswitem id="200004" name="Blaues Siegel der Verderbtheit" quality="4" />
<tswitem id="200005" name="Blaues Siegel der Disziplin" quality="4" />
<tswitem id="200006" name="Blaues Siegel der Ordnung" quality="4" />
<tswitem id="200007" name="Blaues Siegel der Verstärkung" quality="4" />
<tswitem id="200008" name="Blaues Siegel der Widerstandsfähigkeit" quality="4" />
<tswitem id="200009" name="Blaues Siegel der Segnung" quality="4" />
<tswitem id="200010" name="Blaues Siegel der Mäßigung" quality="4" />
<tswitem id="200011" name="Blaues Siegel des grausamen Entzückens" quality="4" />
<tswitem id="200012" name="Blaues Siegel des Heldenmuts" quality="4" />
<tswitem id="200013" name="Blaues Siegel der Misshandlung" quality="4" />
<tswitem id="200014" name="Blaues Siegel der Aggression" quality="4" />
<tswitem id="200015" name="Blaues Siegel des Eindringens" quality="4" />
<tswitem id="200016" name="Blaues Siegel der Züchtigung" quality="4" />
<tswitem id="200017" name="Blaues Siegel der Raserei" quality="4" />
<tswitem id="200018" name="Blaues Siegel des Zerfleischens" quality="4" />
<tswitem id="200019" name="Blaues Siegel des Opportunismus" quality="4" />
<tswitem id="200020" name="Blaues Siegel des Sadismus" quality="4" />
<tswitem id="200021" name="Blaues Siegel der Haft" quality="4" />
<tswitem id="200022" name="Blaues Siegel der Befreiung" quality="4" />
<tswitem id="200023" name="Blaues Siegel des Verbots" quality="4" />
<tswitem id="200024" name="Blaues Siegel des Gehorsams" quality="4" />
<tswitem id="200025" name="Blaues Siegel des Meuchelmords" quality="4" />
<tswitem id="200026" name="Blaues Siegel der Sperrung" quality="4" />
<tswitem id="200027" name="Blaues Siegel des Spaltens" quality="4" />
<tswitem id="200028" name="Blaues Siegel der Verzerrung" quality="4" />
<tswitem id="200029" name="Blaues Siegel der Ausführung" quality="4" />
<tswitem id="200030" name="Blaues Siegel des Flusses" quality="4" />
<tswitem id="200031" name="Blaues Siegel der Verflüssigung" quality="4" />
<tswitem id="200032" name="Blaues Siegel des Zorns" quality="4" />
<tswitem id="200033" name="Blaues Siegel des Einschließens" quality="4" />
<tswitem id="200034" name="Blaues Siegel der Verzahnung" quality="4" />
<tswitem id="200035" name="Blaues Siegel der Splitter" quality="4" />
<tswitem id="200036" name="Blaues Siegel des Zerschmetterns" quality="4" />
<tswitem id="200037" name="Blaues Siegel des Sturms" quality="4" />
<tswitem id="200038" name="Blaues Siegel der Schwerter" quality="4" />
<tswitem id="200039" name="Blaues Siegel der Unterwerfung" quality="4" />
<tswitem id="200040" name="Blaues Siegel der Bücher" quality="4" />
<tswitem id="200041" name="Blaues Siegel der Gelassenheit" quality="4" />
<tswitem id="200042" name="Blaues Siegel des Echoes" quality="4" />
<tswitem id="200043" name="Blaues Siegel der Ausgeglichenheit" quality="4" />
<tswitem id="200044" name="Blaues Siegel des Durstes" quality="4" />
<tswitem id="200045" name="Blaues Siegel der Harmonie" quality="4" />
<tswitem id="200046" name="Blaues Siegel des Hungers" quality="4" />
<tswitem id="200047" name="Blaues Siegel der Sicherheit" quality="4" />
<tswitem id="200048" name="Blaues Siegel der Verjüngung" quality="4" />
<tswitem id="200049" name="Blaues Siegel der Erlösung" quality="4" />
<tswitem id="200050" name="Blaues Siegel der Abtragung" quality="4" />
<tswitem id="200051" name="Blaues Siegel der Befestigung" quality="4" />
<tswitem id="200052" name="Blaues Siegel des Hasses" quality="4" />
<tswitem id="200053" name="Blaues Nebenwaffen-Prägung" quality="4" />
<tswitem id="200054" name="Blaues Nebenwaffen-Augur" quality="4" />
<tswitem id="200055" name="Blaues Nebenwaffen-Bindung" quality="4" />
<tswitem id="200056" name="Blaues Nebenwaffen-Overdrive" quality="4" />
<tswitem id="200057" name="Blaues Nebenwaffen-Bulle" quality="4" />
<tswitem id="200058" name="Blaues Nebenwaffen-Einklang" quality="4" />
<tswitem id="200059" name="Blaues Nebenwaffen-Mod" quality="4" />
<tswitem id="200060" name="Blaues Nebenwaffen-Ladung" quality="4" />

<tswitem id="200001" name="Lila Siegel der Besserung" quality="5" />
<tswitem id="200002" name="Lila Siegel der Gewalt" quality="5" />
<tswitem id="200003" name="Lila Siegel der Lebenskraft" quality="5" />
<tswitem id="200004" name="Lila Siegel der Verderbtheit" quality="5" />
<tswitem id="200005" name="Lila Siegel der Disziplin" quality="5" />
<tswitem id="200006" name="Lila Siegel der Ordnung" quality="5" />
<tswitem id="200007" name="Lila Siegel der Verstärkung" quality="5" />
<tswitem id="200008" name="Lila Siegel der Widerstandsfähigkeit" quality="5" />
<tswitem id="200009" name="Lila Siegel der Segnung" quality="5" />
<tswitem id="200010" name="Lila Siegel der Mäßigung" quality="5" />
<tswitem id="200011" name="Lila Siegel des grausamen Entzückens" quality="5" />
<tswitem id="200012" name="Lila Siegel des Heldenmuts" quality="5" />
<tswitem id="200013" name="Lila Siegel der Misshandlung" quality="5" />
<tswitem id="200014" name="Lila Siegel der Aggression" quality="5" />
<tswitem id="200015" name="Lila Siegel des Eindringens" quality="5" />
<tswitem id="200016" name="Lila Siegel der Züchtigung" quality="5" />
<tswitem id="200017" name="Lila Siegel der Raserei" quality="5" />
<tswitem id="200018" name="Lila Siegel des Zerfleischens" quality="5" />
<tswitem id="200019" name="Lila Siegel des Opportunismus" quality="5" />
<tswitem id="200020" name="Lila Siegel des Sadismus" quality="5" />
<tswitem id="200021" name="Lila Siegel der Haft" quality="5" />
<tswitem id="200022" name="Lila Siegel der Befreiung" quality="5" />
<tswitem id="200023" name="Lila Siegel des Verbots" quality="5" />
<tswitem id="200024" name="Lila Siegel des Gehorsams" quality="5" />
<tswitem id="200025" name="Lila Siegel des Meuchelmords" quality="5" />
<tswitem id="200026" name="Lila Siegel der Sperrung" quality="5" />
<tswitem id="200027" name="Lila Siegel des Spaltens" quality="5" />
<tswitem id="200028" name="Lila Siegel der Verzerrung" quality="5" />
<tswitem id="200029" name="Lila Siegel der Ausführung" quality="5" />
<tswitem id="200030" name="Lila Siegel des Flusses" quality="5" />
<tswitem id="200031" name="Lila Siegel der Verflüssigung" quality="5" />
<tswitem id="200032" name="Lila Siegel des Zorns" quality="5" />
<tswitem id="200033" name="Lila Siegel des Einschließens" quality="5" />
<tswitem id="200034" name="Lila Siegel der Verzahnung" quality="5" />
<tswitem id="200035" name="Lila Siegel der Splitter" quality="5" />
<tswitem id="200036" name="Lila Siegel des Zerschmetterns" quality="5" />
<tswitem id="200037" name="Lila Siegel des Sturms" quality="5" />
<tswitem id="200038" name="Lila Siegel der Schwerter" quality="5" />
<tswitem id="200039" name="Lila Siegel der Unterwerfung" quality="5" />
<tswitem id="200040" name="Lila Siegel der Bücher" quality="5" />
<tswitem id="200041" name="Lila Siegel der Gelassenheit" quality="5" />
<tswitem id="200042" name="Lila Siegel des Echoes" quality="5" />
<tswitem id="200043" name="Lila Siegel der Ausgeglichenheit" quality="5" />
<tswitem id="200044" name="Lila Siegel des Durstes" quality="5" />
<tswitem id="200045" name="Lila Siegel der Harmonie" quality="5" />
<tswitem id="200046" name="Lila Siegel des Hungers" quality="5" />
<tswitem id="200047" name="Lila Siegel der Sicherheit" quality="5" />
<tswitem id="200048" name="Lila Siegel der Verjüngung" quality="5" />
<tswitem id="200049" name="Lila Siegel der Erlösung" quality="5" />
<tswitem id="200050" name="Lila Siegel der Abtragung" quality="5" />
<tswitem id="200051" name="Lila Siegel der Befestigung" quality="5" />
<tswitem id="200052" name="Lila Siegel des Hasses" quality="5" />
<tswitem id="200053" name="Lila Nebenwaffen-Prägung" quality="5" />
<tswitem id="200054" name="Lila Nebenwaffen-Augur" quality="5" />
<tswitem id="200055" name="Lila Nebenwaffen-Bindung" quality="5" />
<tswitem id="200056" name="Lila Nebenwaffen-Overdrive" quality="5" />
<tswitem id="200057" name="Lila Nebenwaffen-Bulle" quality="5" />
<tswitem id="200058" name="Lila Nebenwaffen-Einklang" quality="5" />
<tswitem id="200059" name="Lila Nebenwaffen-Mod" quality="5" />
<tswitem id="200060" name="Lila Nebenwaffen-Ladung" quality="5" />

<tswitem id="8258576" name="Sprunghafter Augmentierungsresonator" quality="6"/>
<tswitem id="8258581" name="Heilsamer Augmentierungsresonator" quality="5"/>
<tswitem id="8258586" name="Unverwundbarer Augmentierungsresonator" quality="5"/>
<tswitem id="8258591" name="Anregender Augmentierungsresonator" quality="5"/>
<tswitem id="8258596" name="Ungebremster Augmentierungsresonator" quality="4"/>
<tswitem id="8258601" name="Beschleunigender Augmentierungsresonator" quality="4"/>
<tswitem id="8258606" name="Restaurativer Augmentierungsresonator" quality="4"/>
<tswitem id="8258611" name="Schützender Augmentierungsresonator" quality="4"/>
<tswitem id="8258616" name="Inspirierender Augmentierungsresonator" quality="4"/>
<tswitem id="8258621" name="Kurierender Augmentierungsresonator" quality="3"/>
<tswitem id="8258626" name="Unsterblicher Augmentierungsresonator" quality="6"/>
<tswitem id="8258631" name="Grenzenloser Augmentierungsresonator" quality="5"/>
<tswitem id="8258636" name="Zufallsgesteuerter Augmentierungsresonator" quality="5"/>
<tswitem id="8258641" name="Verzauberter Augmentierungsresonator" quality="5"/>
<tswitem id="8258646" name="Irritierender Augmentierungsresonator" quality="4"/>
<tswitem id="8258651" name="Standhafter Augmentierungsresonator" quality="4"/>
<tswitem id="8258656" name="Stabiler Augmentierungsresonator" quality="4"/>
<tswitem id="8258661" name="Flüchtiger Augmentierungsresonator" quality="4"/>
<tswitem id="8258666" name="Gesegneter Augmentierungsresonator" quality="4"/>
<tswitem id="8258671" name="Robuster Augmentierungsresonator" quality="3"/>
<tswitem id="8258676" name="Wundersamer Augmentierungsresonator" quality="6"/>
<tswitem id="8258681" name="Parasitärer Augmentierungsresonator" quality="5"/>
<tswitem id="8258690" name="Abwehrender Augmentierungsresonator" quality="5"/>
<tswitem id="8258695" name="Stärkender Augmentierungsresonator" quality="5"/>
<tswitem id="8258700" name="Belebender Augmentierungsresonator" quality="5"/>
<tswitem id="8258705" name="Entleerender Augmentierungsresonator" quality="4"/>
<tswitem id="8258710" name="Undurchdringlicher Augmentierungsresonator" quality="4"/>
<tswitem id="8258715" name="Wiederherstellender Augmentierungsresonator" quality="4"/>
<tswitem id="8258720" name="Lebensspendender Augmentierungsresonator" quality="4"/>
<tswitem id="8258725" name="Erholsamer Augmentierungsresonator" quality="3"/>
<tswitem id="8258730" name="Schädlicher Augmentierungsresonator" quality="6"/>
<tswitem id="8258735" name="Überwältigender Augmentierungsresonator" quality="5"/>
<tswitem id="8258740" name="Gebündelter Augmentierungsresonator" quality="5"/>
<tswitem id="8258745" name="Unerschütterlicher Augmentierungsresonator" quality="5"/>
<tswitem id="8258750" name="Unausweichlicher Augmentierungsresonator" quality="5"/>
<tswitem id="8258755" name="Grausamer Augmentierungsresonator" quality="4"/>
<tswitem id="8258760" name="Präziser Augmentierungsresonator" quality="4"/>
<tswitem id="8258765" name="Durchbohrender Augmentierungsresonator" quality="4"/>
<tswitem id="8258770" name="Brutaler Augmentierungsresonator" quality="4"/>
<tswitem id="8258569" name="Exakter Augmentierungsresonator" quality="3"/>
<tswitem id="9121717" name="Der leuchtende Trapezoeder" quality="6"/>
<tswitem id="7569516" name="Upgrade-Werkzeugsatz für individuelle Waffen" quality="5"/>
<tswitem id="7569537" name="Upgrade-Werkzeugsatz für individuelle Talismane" quality="5"/>
<tswitem id="8391478" name="Albino-Welpe des Herrn der Draugs" quality="5"/>
<tswitem id="9121903" name="Verbesserter Gegenschlag - Treffen" quality="5"/>
<tswitem id="9121930" name="Verbesserter Gegenschlag - Block" quality="5"/>
<tswitem id="9121976" name="Verbesserter Gegenschlag - Kritischer Treffer" quality="5"/>
<tswitem id="9122009" name="Verbesserter Gegenschlag - Verteidigung" quality="5"/>
<tswitem id="9122175" name="Verbesserter Gegenschlag - Ausweichen" quality="5"/>
<tswitem id="9122199" name="Verbesserter Gegenschlag - Durchdringung" quality="5"/>

<tswitem id="9121904" name="Verbesserter Gegenschlag - Treffen - Trefferwert" quality="5"/>
<tswitem id="9121908" name="Verbesserter Gegenschlag - Treffen - Blockwert" quality="5"/>
<tswitem id="9121911" name="Verbesserter Gegenschlag - Treffen - Kritscher Trefferwert" quality="5"/>
<tswitem id="9121914" name="Verbesserter Gegenschlag - Treffen - Kritischer Treffer-Kraftwert" quality="5"/>
<tswitem id="9121917" name="Verbesserter Gegenschlag - Treffen - Verteidigungswert" quality="5"/>
<tswitem id="9121920" name="Verbesserter Gegenschlag - Treffen - Ausweichwert" quality="5"/>
<tswitem id="9121925" name="Verbesserter Gegenschlag - Treffen - Schutz" quality="5"/>
<tswitem id="9121928" name="Verbesserter Gegenschlag - Treffen - Durchdringungswert" quality="5"/>
<tswitem id="9121931" name="Verbesserter Gegenschlag - Block - Trefferwert" quality="5"/>
<tswitem id="9121935" name="Verbesserter Gegenschlag - Block - Blockwert" quality="5"/>
<tswitem id="9121949" name="Verbesserter Gegenschlag - Block - Kritscher Trefferwert" quality="5"/>
<tswitem id="9121952" name="Verbesserter Gegenschlag - Block - Kritischer Treffer-Kraftwert" quality="5"/>
<tswitem id="9121961" name="Verbesserter Gegenschlag - Block - Verteidigungswert" quality="5"/>
<tswitem id="9121965" name="Verbesserter Gegenschlag - Block - Ausweichwert" quality="5"/>
<tswitem id="9121969" name="Verbesserter Gegenschlag - Block - Schutz" quality="5"/>
<tswitem id="9121973" name="Verbesserter Gegenschlag - Block - Durchdringungswert" quality="5"/>
<tswitem id="9121977" name="Verbesserter Gegenschlag - Kritischer Treffer - Trefferwert" quality="5"/>
<tswitem id="9121980" name="Verbesserter Gegenschlag - Kritischer Treffer - Blockwert" quality="5"/>
<tswitem id="9121983" name="Verbesserter Gegenschlag - Kritischer Treffer - Kritscher Trefferwert" quality="5"/>
<tswitem id="9121988" name="Verbesserter Gegenschlag - Kritischer Treffer - Kritischer Treffer-Kraftwert" quality="5"/>
<tswitem id="9121991" name="Verbesserter Gegenschlag - Kritischer Treffer - Verteidigungswert" quality="5"/>
<tswitem id="9121994" name="Verbesserter Gegenschlag - Kritischer Treffer - Ausweichwert" quality="5"/>
<tswitem id="9121998" name="Verbesserter Gegenschlag - Kritischer Treffer - Schutz" quality="5"/>
<tswitem id="9122001" name="Verbesserter Gegenschlag - Kritischer Treffer - Durchdringungswert" quality="5"/>
<tswitem id="9122010" name="Verbesserter Gegenschlag - Verteidigung - Trefferwert" quality="5"/>
<tswitem id="9122013" name="Verbesserter Gegenschlag - Verteidigung - Blockwert" quality="5"/>
<tswitem id="9122017" name="Verbesserter Gegenschlag - Verteidigung - Kritscher Trefferwert" quality="5"/>
<tswitem id="9122020" name="Verbesserter Gegenschlag - Verteidigung - Kritischer Treffer-Kraftwert" quality="5"/>
<tswitem id="9122023" name="Verbesserter Gegenschlag - Verteidigung - Verteidigungswert" quality="5"/>
<tswitem id="9122047" name="Verbesserter Gegenschlag - Verteidigung - Ausweichwert" quality="5"/>
<tswitem id="9122050" name="Verbesserter Gegenschlag - Verteidigung - Schutz" quality="5"/>
<tswitem id="9122053" name="Verbesserter Gegenschlag - Verteidigung - Durchdringungswert" quality="5"/>
<tswitem id="9122176" name="Verbesserter Gegenschlag - Ausweichen - Trefferwert" quality="5"/>
<tswitem id="9122179" name="Verbesserter Gegenschlag - Ausweichen - Blockwert" quality="5"/>
<tswitem id="9122182" name="Verbesserter Gegenschlag - Ausweichen - Kritscher Trefferwert" quality="5"/>
<tswitem id="9122185" name="Verbesserter Gegenschlag - Ausweichen - Kritischer Treffer-Kraftwert" quality="5"/>
<tswitem id="9122188" name="Verbesserter Gegenschlag - Ausweichen - Verteidigungswert" quality="5"/>
<tswitem id="9122191" name="Verbesserter Gegenschlag - Ausweichen - Ausweichwert" quality="5"/>
<tswitem id="9122194" name="Verbesserter Gegenschlag - Ausweichen - Schutz" quality="5"/>
<tswitem id="9122197" name="Verbesserter Gegenschlag - Ausweichen - Durchdringungswert" quality="5"/>
<tswitem id="9122200" name="Verbesserter Gegenschlag - Durchdringung - Trefferwert" quality="5"/>
<tswitem id="9122203" name="Verbesserter Gegenschlag - Durchdringung - Blockwert" quality="5"/>
<tswitem id="9122206" name="Verbesserter Gegenschlag - Durchdringung - Kritscher Trefferwert" quality="5"/>
<tswitem id="9122209" name="Verbesserter Gegenschlag - Durchdringung - Kritischer Treffer-Kraftwert" quality="5"/>
<tswitem id="9122212" name="Verbesserter Gegenschlag - Durchdringung - Verteidigungswert" quality="5"/>
<tswitem id="9122215" name="Verbesserter Gegenschlag - Durchdringung - Ausweichwert" quality="5"/>
<tswitem id="9122218" name="Verbesserter Gegenschlag - Durchdringung - Schutz" quality="5"/>
<tswitem id="9122221" name="Verbesserter Gegenschlag - Durchdringung - Durchdringungswert" quality="5"/>
<tswitem id="9121859" name="Verbessertes Stimulans - Heilung" quality="5"/>
<tswitem id="9121861" name="Verbessertes Stimulans - Blocken" quality="5"/>
<tswitem id="9121863" name="Verbessertes Stimulans - Kritischer Treffer" quality="5"/>
<tswitem id="9121865" name="Verbessertes Stimulans - Kritischer Treffer-Kraftwert" quality="5"/>
<tswitem id="9121871" name="Verbessertes Stimulans - Angriff" quality="5"/>
<tswitem id="9121873" name="Verbessertes Stimulans - Verteidigung" quality="5"/>
<tswitem id="9121875" name="Verbessertes Stimulans - Ausweichen" quality="5"/>
<tswitem id="9121877" name="Verbessertes Stimulans - Gesundheit" quality="5"/>
<tswitem id="9121891" name="Verbessertes Stimulans - Treffen" quality="5"/>
<tswitem id="9121893" name="Verbessertes Stimulans - Schutz" quality="5"/>
<tswitem id="9121895" name="Verbessertes Stimulans - Durchdringung" quality="5"/>
<tswitem id="9122323" name="Rückenschild der unbefleckten Maschine - Stiefel, weiß" quality="5"/>
<tswitem id="9122325" name="Rückenschild der unbefleckten Maschine - Brustpanzer, weiß" quality="5"/>
<tswitem id="9122332" name="Rückenschild der unbefleckten Maschine - Panzerhandschuhe, weiß" quality="5"/>
<tswitem id="9122334" name="Rückenschild der unbefleckten Maschine - Metallbeinschienen, weiß" quality="5"/>
<tswitem id="9122339" name="Rückenschild der unbefleckten Maschine - Helm, weiß" quality="5"/>

<tswitem id="9121762" name="Rückenschild der unbefleckten Maschine - Stiefel, schwarz" quality="5"/>
<tswitem id="9121766" name="Rückenschild der unbefleckten Maschine - Brustpanzer, schwarz" quality="5"/>
<tswitem id="9121770" name="Rückenschild der unbefleckten Maschine - Panzerhandschuhe, schwarz" quality="5"/>
<tswitem id="9121774" name="Rückenschild der unbefleckten Maschine - Metallbeinschienen, schwarz" quality="5"/>
<tswitem id="9121778" name="Rückenschild der unbefleckten Maschine - Helm, schwarz" quality="5"/>
<tswitem id="9135291" name="Broadway-Brosche nm" quality="5"/>
<tswitem id="9135292" name="U-Bahn-Münzen nm" quality="5"/>
<tswitem id="9135293" name="NY-Schnalle nm" quality="5"/>
<tswitem id="9141546" name="Gelbes Pigment von Leng" quality="5"/>
<tswitem id="9141548" name="Joseph Curwens essentielle Salze" quality="5"/>
<tswitem id="9141549" name="Sekret der äußeren Götter" quality="5"/>
<tswitem id="9141635" name="Armschutz von Celephias" quality="5"/>
<tswitem id="9141636" name="Ring von Dis" quality="5"/>
<tswitem id="9141916" name="Architeuthis-Vitreous-Sekret" quality="5"/>
<tswitem id="9141930" name="Brown Jenkins' Kragen" quality="5"/>
<tswitem id="9141932" name="Amulett von Yuggoth" quality="5"/>
<tswitem id="9142125" name="Staub des Schwarzen Pharaos" quality="5"/>
<tswitem id="9142195" name="Keziah Masons Ring" quality="5"/>
<tswitem id="9142485" name="Blut des Tiefenkönigs" quality="5"/>
<tswitem id="9143879" name="Armschutz des Ghulkönigs" quality="5"/>
<tswitem id="9133435" name="Glyphen-Werkzeugsatz der 11. Stunde" quality="5"/>
<tswitem id="9130343" name="Überirdische Upgrades" quality="5"/>
<tswitem id="9119399" name="Upgrade-Werkzeugsatz für überragende individuelle Waffen" quality="5"/>
<tswitem id="9119170" name="Upgrade-Werkzeugsatz für überragende individuelle Talismane" quality="5"/>
<tswitem id="8443586" name="AEGIS Firmware-Upgrade v3.0" quality="5"/>
<tswitem id="8443141" name="Speichererweiterungsmodul V" quality="5"/>
<tswitem id="9132860" name="Speichererweiterungsmodul VI" quality="5"/>
<tswitem id="9132861" name="Speichererweiterungsmodul VII" quality="5"/>
<tswitem id="9131971" name="AE-Kondensator" quality="5"/>
<tswitem id="8729028" name="AE-Wallkondensator" quality="5"/>
<tswitem id="9132132" name="AE-Konvaleszenzkondensator" quality="5"/>
<tswitem id="9185369" name="Siegel des geteilten Leides" quality="7"/>
<tswitem id="9167542" name="Siegel der Autonomie" quality="7"/>
<tswitem id="9186106" name="Siegel der Verleumdung" quality="7"/>
<tswitem id="9176311" name="Siegel der gesegneten Schritte" quality="7"/>
<tswitem id="9185451" name="Siegel des Gnadenstoßes" quality="7"/>
<tswitem id="9176843" name="Siegel der Todesnachricht" quality="7"/>
<tswitem id="9186123" name="Siegel des Trotzes" quality="7"/>
<tswitem id="9186086" name="Siegel der Ablenkung" quality="7"/>
<tswitem id="9190781" name="Siegel der Verzweiflung" quality="7"/>
<tswitem id="9186157" name="Siegel der Vertreibung" quality="7"/>
<tswitem id="9176409" name="Siegel der göttlichen Inspiration" quality="7"/>
<tswitem id="9176541" name="Siegel des eifrigen Heilers" quality="7"/>
<tswitem id="9184494" name="Siegel der Füße des Hermes" quality="7"/>
<tswitem id="9176612" name="Siegel von Houdinis List" quality="7"/>
<tswitem id="9176579" name="Siegel der Versicherung" quality="7"/>
<tswitem id="9176551" name="Siegel des Karmas" quality="7"/>
<tswitem id="9184939" name="Siegel des Märtyrermirakels" quality="7"/>
<tswitem id="9185332" name="Siegel von Nergals Zorn" quality="7"/>
<tswitem id="9176928" name="Siegel der ständigen Bewegung" quality="7"/>
<tswitem id="9185502" name="Siegel der beständigen Bosheit" quality="7"/>
<tswitem id="9184549" name="Siegel des Beschützerzorns" quality="7"/>
<tswitem id="9190691" name="Siegel der Erholung" quality="7"/>
<tswitem id="9184909" name="Siegel der erneuerten Wache" quality="7"/>
<tswitem id="9176752" name="Siegel der Entgegnung" quality="7"/>
<tswitem id="9185323" name="Siegel des Seelenfressers" quality="7"/>
<tswitem id="9185393" name="Siegel des Todesfluchs" quality="7"/>
<tswitem id="9190757" name="Siegel des Arztes" quality="7"/>
<tswitem id="9190726" name="Siegel der Geschützten" quality="7"/>
<tswitem id="9176879" name="Siegel des Zeitendiebs" quality="7"/>
<tswitem id="9190657" name="Siegel der Unablässigkeit" quality="7"/>
<tswitem id="9185369" name="Lila Siegel des geteilten Leides" quality="5"/>
<tswitem id="9167542" name="Lila Siegel der Autonomie" quality="5"/>
<tswitem id="9186106" name="Lila Siegel der Verleumdung" quality="5"/>
<tswitem id="9176311" name="Lila Siegel der gesegneten Schritte" quality="5"/>
<tswitem id="9185451" name="Lila Siegel des Gnadenstoßes" quality="5"/>
<tswitem id="9176843" name="Lila Siegel der Todesnachricht" quality="5"/>
<tswitem id="9186123" name="Lila Siegel des Trotzes" quality="5"/>
<tswitem id="9186086" name="Lila Siegel der Ablenkung" quality="5"/>
<tswitem id="9190781" name="Lila Siegel der Verzweiflung" quality="5"/>
<tswitem id="9186157" name="Lila Siegel der Vertreibung" quality="5"/>
<tswitem id="9176409" name="Lila Siegel der göttlichen Inspiration" quality="5"/>
<tswitem id="9176541" name="Lila Siegel des eifrigen Heilers" quality="5"/>
<tswitem id="9184494" name="Lila Siegel der Füße des Hermes" quality="5"/>
<tswitem id="9176612" name="Lila Siegel von Houdinis List" quality="5"/>
<tswitem id="9176579" name="Lila Siegel der Versicherung" quality="5"/>
<tswitem id="9176551" name="Lila Siegel des Karmas" quality="5"/>
<tswitem id="9184939" name="Lila Siegel des Märtyrermirakels" quality="5"/>
<tswitem id="9185332" name="Lila Siegel von Nergals Zorn" quality="5"/>
<tswitem id="9176928" name="Lila Siegel der ständigen Bewegung" quality="5"/>
<tswitem id="9185502" name="Lila Siegel der beständigen Bosheit" quality="5"/>
<tswitem id="9184549" name="Lila Siegel des Beschützerzorns" quality="5"/>
<tswitem id="9190691" name="Lila Siegel der Erholung" quality="5"/>
<tswitem id="9184909" name="Lila Siegel der erneuerten Wache" quality="5"/>
<tswitem id="9176752" name="Lila Siegel der Entgegnung" quality="5"/>
<tswitem id="9185323" name="Lila Siegel des Seelenfressers" quality="5"/>
<tswitem id="9185393" name="Lila Siegel des Todesfluchs" quality="5"/>
<tswitem id="9190757" name="Lila Siegel des Arztes" quality="5"/>
<tswitem id="9190726" name="Lila Siegel der Geschützten" quality="5"/>
<tswitem id="9176879" name="Lila Siegel des Zeitendiebs" quality="5"/>
<tswitem id="9190657" name="Lila Siegel der Unablässigkeit" quality="5"/>
<tswitem id="9167542" name="Blaues Siegel der Autonomie" quality="4"/>
<tswitem id="9186106" name="Blaues Siegel der Verleumdung" quality="4"/>
<tswitem id="9176311" name="Blaues Siegel der gesegneten Schritte" quality="4"/>
<tswitem id="9185451" name="Blaues Siegel des Gnadenstoßes" quality="4"/>
<tswitem id="9176843" name="Blaues Siegel der Todesnachricht" quality="4"/>
<tswitem id="9186123" name="Blaues Siegel des Trotzes" quality="4"/>
<tswitem id="9186086" name="Blaues Siegel der Ablenkung" quality="4"/>
<tswitem id="9190781" name="Blaues Siegel der Verzweiflung" quality="4"/>
<tswitem id="9186157" name="Blaues Siegel der Vertreibung" quality="4"/>
<tswitem id="9176409" name="Blaues Siegel der göttlichen Inspiration" quality="4"/>
<tswitem id="9176541" name="Blaues Siegel des eifrigen Heilers" quality="4"/>
<tswitem id="9184494" name="Blaues Siegel der Füße des Hermes" quality="4"/>
<tswitem id="9176612" name="Blaues Siegel von Houdinis List" quality="4"/>
<tswitem id="9176579" name="Blaues Siegel der Versicherung" quality="4"/>
<tswitem id="9176551" name="Blaues Siegel des Karmas" quality="4"/>
<tswitem id="9184939" name="Blaues Siegel des Märtyrermirakels" quality="4"/>
<tswitem id="9185332" name="Blaues Siegel von Nergals Zorn" quality="4"/>
<tswitem id="9176928" name="Blaues Siegel der ständigen Bewegung" quality="4"/>
<tswitem id="9185502" name="Blaues Siegel der beständigen Bosheit" quality="4"/>
<tswitem id="9184549" name="Blaues Siegel des Beschützerzorns" quality="4"/>
<tswitem id="9190691" name="Blaues Siegel der Erholung" quality="4"/>
<tswitem id="9184909" name="Blaues Siegel der erneuerten Wache" quality="4"/>
<tswitem id="9176752" name="Blaues Siegel der Entgegnung" quality="4"/>
<tswitem id="9185323" name="Blaues Siegel des Seelenfressers" quality="4"/>
<tswitem id="9185393" name="Blaues Siegel des Todesfluchs" quality="4"/>
<tswitem id="9190757" name="Blaues Siegel des Arztes" quality="4"/>
<tswitem id="9190726" name="Blaues Siegel der Geschützten" quality="4"/>
<tswitem id="9176879" name="Blaues Siegel des Zeitendiebs" quality="4"/>
<tswitem id="9190657" name="Blaues Siegel der Unablässigkeit" quality="4"/>

<tswitem id="9185369" name="Grünes Siegel des geteilten Leides" quality="3"/>
<tswitem id="9167542" name="Grünes Siegel der Autonomie" quality="3"/>
<tswitem id="9186106" name="Grünes Siegel der Verleumdung" quality="3"/>
<tswitem id="9176311" name="Grünes Siegel der gesegneten Schritte" quality="3"/>
<tswitem id="9185451" name="Grünes Siegel des Gnadenstoßes" quality="3"/>
<tswitem id="9176843" name="Grünes Siegel der Todesnachricht" quality="3"/>
<tswitem id="9186123" name="Grünes Siegel des Trotzes" quality="3"/>
<tswitem id="9186086" name="Grünes Siegel der Ablenkung" quality="3"/>
<tswitem id="9190781" name="Grünes Siegel der Verzweiflung" quality="3"/>
<tswitem id="9186157" name="Grünes Siegel der Vertreibung" quality="3"/>
<tswitem id="9176409" name="Grünes Siegel der göttlichen Inspiration" quality="3"/>
<tswitem id="9176541" name="Grünes Siegel des eifrigen Heilers" quality="3"/>
<tswitem id="9184494" name="Grünes Siegel der Füße des Hermes" quality="3"/>
<tswitem id="9176612" name="Grünes Siegel von Houdinis List" quality="3"/>
<tswitem id="9176579" name="Grünes Siegel der Versicherung" quality="3"/>
<tswitem id="9176551" name="Grünes Siegel des Karmas" quality="3"/>
<tswitem id="9184939" name="Grünes Siegel des Märtyrermirakels" quality="3"/>
<tswitem id="9185332" name="Grünes Siegel von Nergals Zorn" quality="3"/>
<tswitem id="9176928" name="Grünes Siegel der ständigen Bewegung" quality="3"/>
<tswitem id="9185502" name="Grünes Siegel der beständigen Bosheit" quality="3"/>
<tswitem id="9184549" name="Grünes Siegel des Beschützerzorns" quality="3"/>
<tswitem id="9190691" name="Grünes Siegel der Erholung" quality="3"/>
<tswitem id="9184909" name="Grünes Siegel der erneuerten Wache" quality="3"/>
<tswitem id="9176752" name="Grünes Siegel der Entgegnung" quality="3"/>
<tswitem id="9185323" name="Grünes Siegel des Seelenfressers" quality="3"/>
<tswitem id="9185393" name="Grünes Siegel des Todesfluchs" quality="3"/>
<tswitem id="9190757" name="Grünes Siegel des Arztes" quality="3"/>
<tswitem id="9190726" name="Grünes Siegel der Geschützten" quality="3"/>
<tswitem id="9176879" name="Grünes Siegel des Zeitendiebs" quality="3"/>
<tswitem id="9190657" name="Grünes Siegel der Unablässigkeit" quality="3"/>
<tswitem id="8439338" name="Durchdringendes Überbrückungsmodul v3" quality="5"/>
<tswitem id="8439341" name="Kritischer-Treffer-Überbrückungsmodul v3" quality="5"/>
<tswitem id="8439344" name="Verbessertes Feedbackschleife-Modul v3" quality="5"/>
<tswitem id="8439347" name="Feedbackschleife-Modul v3" quality="5"/>
<tswitem id="8439350" name="Verjüngungsumkehr-Modul v3" quality="5"/>
<tswitem id="8439353" name="Schwächendes Überbrückungsmodul v3" quality="5"/>
<tswitem id="8439356" name="Disloziertes Tempomodul v3" quality="5"/>
<tswitem id="8439359" name="Disloziertes Überbrückungsmodul v3" quality="5"/>
<tswitem id="8439362" name="Gekapertes Tempomodul v3" quality="5"/>
<tswitem id="8439365" name="Beeinträchtigendes Überbrückungsmodul v3" quality="5"/>
<tswitem id="8439368" name="Destruktives Wiederherstellungsmodul v3" quality="5"/>
<tswitem id="8439371" name="Zerstörendes Tempomodul v3" quality="5"/>
<tswitem id="8439374" name="Destruktives Überladungsmodul v3" quality="5"/>
<tswitem id="8439377" name="Destruktives Aufhebungsmodul v3" quality="5"/>
<tswitem id="8439380" name="Ziel-Antagonismusmodul v3" quality="5"/>
<tswitem id="8439383" name="Tempo-Entzugsmodul v3" quality="5"/>
<tswitem id="8439386" name="Verbessertes Überbrückungsmodul v3" quality="5"/>
<tswitem id="8439389" name="Direktes Überbrückungsmodul v3" quality="5"/>
<tswitem id="8762810" name="Destruktives Explosionsmodul v3" quality="5"/>
<tswitem id="8762828" name="Verbessertes Aufhebungsmodul v3" quality="5"/>
<tswitem id="8762985" name="Reaktives Feedbackschleife-Modul v3" quality="5"/>
<tswitem id="8763058" name="Reaktives Störungsmodul v3" quality="5"/>
<tswitem id="8763229" name="Evasives Wiederherstellungsmodul v3" quality="5"/>
<tswitem id="8763332" name="Additives Wiederherstellungsmodul v3" quality="5"/>
<tswitem id="8763716" name="Verbessertes Wiederherstellungsmodul v3" quality="5"/>
<tswitem id="8763885" name="Kritisches Wiederherstellungsmodul v3" quality="5"/>
<tswitem id="8764441" name="Kritisches Ablationsmodul v3" quality="5"/>
<tswitem id="8764980" name="Schnellwiederherstellungsmodul v3" quality="5"/>
<tswitem id="8439338" name="Durchdringendes Überbrückungsmodul v2" quality="4"/>
<tswitem id="8439341" name="Kritischer-Treffer-Überbrückungsmodul v2" quality="4"/>
<tswitem id="8439344" name="Verbessertes Feedbackschleife-Modul v2" quality="4"/>
<tswitem id="8439347" name="Feedbackschleife-Modul v2" quality="4"/>
<tswitem id="8439350" name="Verjüngungsumkehr-Modul v2" quality="4"/>
<tswitem id="8439353" name="Schwächendes Überbrückungsmodul v2" quality="4"/>
<tswitem id="8439356" name="Disloziertes Tempomodul v2" quality="4"/>
<tswitem id="8439359" name="Disloziertes Überbrückungsmodul v2" quality="4"/>
<tswitem id="8439362" name="Gekapertes Tempomodul v2" quality="4"/>
<tswitem id="8439365" name="Beeinträchtigendes Überbrückungsmodul v2" quality="4"/>
<tswitem id="8439368" name="Destruktives Wiederherstellungsmodul v2" quality="4"/>
<tswitem id="8439371" name="Zerstörendes Tempomodul v2" quality="4"/>
<tswitem id="8439374" name="Destruktives Überladungsmodul v2" quality="4"/>
<tswitem id="8439377" name="Destruktives Aufhebungsmodul v2" quality="4"/>
<tswitem id="8439380" name="Ziel-Antagonismusmodul v2" quality="4"/>
<tswitem id="8439383" name="Tempo-Entzugsmodul v2" quality="4"/>
<tswitem id="8439386" name="Verbessertes Überbrückungsmodul v2" quality="4"/>
<tswitem id="8439389" name="Direktes Überbrückungsmodul v2" quality="4"/>
<tswitem id="8762810" name="Destruktives Explosionsmodul v2" quality="4"/>
<tswitem id="8762828" name="Verbessertes Aufhebungsmodul v2" quality="4"/>
<tswitem id="8762985" name="Reaktives Feedbackschleife-Modul v2" quality="4"/>
<tswitem id="8763058" name="Reaktives Störungsmodul v2" quality="4"/>
<tswitem id="8763229" name="Evasives Wiederherstellungsmodul v2" quality="4"/>
<tswitem id="8763332" name="Additives Wiederherstellungsmodul v2" quality="4"/>
<tswitem id="8763716" name="Verbessertes Wiederherstellungsmodul v2" quality="4"/>
<tswitem id="8763885" name="Kritisches Wiederherstellungsmodul v2" quality="4"/>
<tswitem id="8764441" name="Kritisches Ablationsmodul v2" quality="4"/>
<tswitem id="8764980" name="Schnellwiederherstellungsmodul v2" quality="4"/>
<tswitem id="9241810" name="Kondensierte Anima-Energie" quality="5"/>


</list>