﻿<?xml version="1.0" encoding="utf-8"?>
<tswitem>
<itemid>100011</itemid>
<name>Broadway-Brosche</name>
<iconpath>100011</iconpath>
<quality>5</quality>


<tooltip><![CDATA[

<table width="100%"> 
	<tr> 
		<td align="left" class="tsw_tooltiptitle tsw_q;QL_VALUE;" colspan="2">Broadway-Brosche</td> </tr>
	<tr> 
		<td align="left" class="tsw_infolabel" colspan="2"> Okkulttalisman (QS 10.4 Episch)</td></tr> 
	<tr> 
		 <td align="left" class="tsw_infolabel_slot" colspan="2">Charaktergebunden </td></tr>  
	<tr> 
		<td colspan="2"> <hr class="tsw_tooltip_hr"> </td>
		</tr> 
	<tr>
		<td align="left" width="5%"class="tsw_infolabel_hl">+427</td> 
		<td align="left" class="tsw_infolabel"> Heilungswert</td> </tr> 
	<tr> 
		<td colspan="2"> <hr class="tsw_tooltip_hr"> </td>
	</tr>
	<tr>
		<td align="left" class="tsw_infolabel" colspan="2">Immer wenn sie ein Ziel heilen, das weniger als <span class="tsw_infolabel_hl">66%</span> seiner Gesundheit hat, besteht eine Chance von <span class="tsw_infolabel_hl">33%</span>, dass das Ziel einen positiven Effekt erhält, der seinen körperlichen und magischen Schutz um <span class="tsw_infolabel_hl">400%</span> erhöht, und zwar <span class="tsw_infolabel_hl">10</span> Sekunde lang. </td></tr>
	<tr> 
		<td colspan="3"> <hr class="tsw_tooltip_hr"> </td>
	</tr> 
	
	<tr>  
		<td width="5%" align="center" class="tsw_item_manastone"> </td> 
		 <td width="95%" align="left" class="tsw_infolabel_slot">leerer Glyphen Slot </td></tr>  
	

</table>
]]>
</tooltip></tswitem>