﻿<?xml version="1.0" encoding="utf-8"?>
<tswitem>
<itemid>200014</itemid>
<name>Siegel des Eindringens</name>
<iconpath>200008</iconpath>
<quality>5</quality>


<tooltip><![CDATA[

<table width="100%"> 
	<tr> 
		<td align="left" class="tsw_tooltiptitle tsw_q;QL_VALUE;" colspan="2">Siegel des Eindringens</td> </tr>
	<tr> 
		<td align="left" class="tsw_infolabel" colspan="2">Siegel (QS 10)</td> </tr> 
	<tr> <td colspan="2"> <hr class="tsw_tooltip_hr"> </td>
		 </tr>  
	<tr> 
		
		</tr> 
		<tr>
		<td align="left" class="tsw_infolabel" colspan="2">Wenn Sie einen durchdringenden Treffer landen, erleidet Ihr Ziel <span class="tsw_infolabel_hl">7</span> Sekunden lang durch weitere durchdringende Treffer <span class="tsw_q3">8%</span>/<span class="tsw_q4">16%</span>/<span class="tsw_q5">24%</span> mehr Schaden. <span class="tsw_infolabel_hl">7</span> Sekunden Abklingzeit. Dieses Siegel kann an Kopftalismanen oder Waffen angebracht werden.
	</td></tr>

	

</table>
]]>
</tooltip></tswitem>
