﻿<?xml version="1.0" encoding="utf-8"?>
<tswitem>
<itemid>200013</itemid>
<name>Siegel der Misshandlung</name>
<iconpath>200008</iconpath>
<quality>5</quality>


<tooltip><![CDATA[

<table width="100%"> 
	<tr> 
		<td align="left" class="tsw_tooltiptitle tsw_q;QL_VALUE;" colspan="2">Siegel der Misshandlung</td> </tr>
	<tr> 
		<td align="left" class="tsw_infolabel" colspan="2">Siegel (QS 10)</td> </tr> 
	<tr> <td colspan="2"> <hr class="tsw_tooltip_hr"> </td>
		 </tr>  
	<tr> 
		
		</tr> 
		<tr>
		<td align="left" class="tsw_infolabel" colspan="2">Wenn Sie ein Ziel treffen, besteht eine Chance von <span class="tsw_infolabel_hl">10%</span>, <span class="tsw_infolabel_hl">5</span> Sekunden lang <span class="tsw_q3">8%</span>/<span class="tsw_q4">16%</span>/<span class="tsw_q5">24%</span> mehr Schaden zu verursachen. <span class="tsw_infolabel_hl">11</span> Sekunden Abklingzeit. Dieses Siegel kann an Kopftalismanen oder Waffen angebracht werden.
	</td></tr>

	

</table>
]]>
</tooltip></tswitem>
