﻿<?xml version="1.0" encoding="utf-8"?>
<tswitem>
<itemid>200042</itemid>
<name>Siegel des Echos</name>
<iconpath>200010</iconpath>
<quality>5</quality>


<tooltip><![CDATA[

<table width="100%"> 
	<tr> 
		<td align="left" class="tsw_tooltiptitle tsw_q;QL_VALUE;" colspan="2">Siegel des Echos</td> </tr>
	<tr> 
		<td align="left" class="tsw_infolabel" colspan="2">Siegel (QS 10)</td> </tr> 
	<tr> <td colspan="2"> <hr class="tsw_tooltip_hr"> </td>
		 </tr>  
	<tr> 
		
		</tr> 
		<tr>
		<td align="left" class="tsw_infolabel" colspan="2">Wenn Sie ein Ziel kritisch heilen, erhält es einen Heilungs-über-Zeit-Effekt, der es <span class="tsw_infolabel_hl">jede</span> Sekunde um <span class="tsw_q3">7</span>/<span class="tsw_q4">13</span>/<span class="tsw_q5">20</span> Gesundheit heilt, und zwar <span class="tsw_infolabel_hl">5</span> Sekunden lang. Dieses Siegel kann an kleinen Talismanen angebracht werden..
	</td></tr>

	

</table>
]]>
</tooltip></tswitem>
