﻿<?xml version="1.0" encoding="utf-8"?>
<tswitem>
<itemid>200011</itemid>
<name>Siegel des grausamen Entzückens</name>
<iconpath>200007</iconpath>
<quality>5</quality>


<tooltip><![CDATA[

<table width="100%"> 
	<tr> 
		<td align="left" class="tsw_tooltiptitle tsw_q;QL_VALUE;" colspan="2">Siegel des grausamen Entzückens</td> </tr>
	<tr> 
		<td align="left" class="tsw_infolabel" colspan="2">Siegel (QS 10)</td> </tr> 
	<tr> <td colspan="2"> <hr class="tsw_tooltip_hr"> </td>
		 </tr>  
	<tr> 
		
		</tr> 
		<tr>
		<td align="left" class="tsw_infolabel" colspan="2">Wenn Sie ein geschwächtes Ziel treffen, besteht eine Chance von <span class="tsw_infolabel_hl">5%</span>, dass Sie alle <span class="tsw_infolabel_hl">2</span> Sekunden um <span class="tsw_q3">66</span>/<span class="tsw_q4">132</span>/<span class="tsw_q5">199</span> geheilt werden und zwar <span class="tsw_infolabel_hl">8</span> Sekunden lang. Dieses Siegel kann an Kopftalismanen oder Waffen angebracht werden.
	</td></tr>

	

</table>
]]>
</tooltip></tswitem>
