﻿<?xml version="1.0" encoding="utf-8"?>
<tswitem>
<itemid>200012</itemid>
<name>Siegel des Heldenmuts</name>
<iconpath>200006</iconpath>
<quality>5</quality>


<tooltip><![CDATA[

<table width="100%"> 
	<tr> 
		<td align="left" class="tsw_tooltiptitle tsw_q;QL_VALUE;" colspan="2">Siegel des Heldenmuts</td> </tr>
	<tr> 
		<td align="left" class="tsw_infolabel" colspan="2">Siegel (QS 10)</td> </tr> 
	<tr> <td colspan="2"> <hr class="tsw_tooltip_hr"> </td>
		 </tr>  
	<tr> 
		
		</tr> 
		<tr>
		<td align="left" class="tsw_infolabel" colspan="2">Wenn Sie ein Ziel kritisch treffen, erhalten Sie eine Barriere, die <span class="tsw_q3">40</span>/<span class="tsw_q4">80</span>/<span class="tsw_q5">120</span> Schaden absorbiert und <span class="tsw_infolabel_hl">10</span>  Sekunden hält. Dieses Siegel kann an Kopftalismanen oder Waffen angebracht werden.
	</td></tr>

	

</table>
]]>
</tooltip></tswitem>
