﻿<?xml version="1.0" encoding="utf-8"?>
<tswitem>
<itemid>200052</itemid>
<name>Siegel des Hasses</name>
<iconpath>200011</iconpath>
<quality>5</quality>


<tooltip><![CDATA[

<table width="100%"> 
	<tr> 
		<td align="left" class="tsw_tooltiptitle tsw_q;QL_VALUE;" colspan="2">Siegel des Hasses</td> </tr>
	<tr> 
		<td align="left" class="tsw_infolabel" colspan="2">Siegel (QS 10)</td> </tr> 
	<tr> <td colspan="2"> <hr class="tsw_tooltip_hr"> </td>
		 </tr>  
	<tr> 
		
		</tr> 
		<tr>
		<td align="left" class="tsw_infolabel" colspan="2">Wenn Sie blocken, ausweichen oder einen Streiftreffer erleiden, erzeugen Sie bei Ihrem offensivziel eine <span class="tsw_q3">geringe</span>/<span class="tsw_q4">mittlere</span>/<span class="tsw_q5">große</span> Menge Hass. <span class="tsw_infolabel_hl">6</span> Sekunden Abklingzeit. Dieses Siegel kann an kleinen Talismanen angebracht werden.
	</td></tr>

	

</table>
]]>
</tooltip></tswitem>
