﻿<?xml version="1.0" encoding="utf-8"?>
<tswitem>
<itemid>200005</itemid>
<name>Siegel der Disziplin</name>
<iconpath>200005</iconpath>
<quality>5</quality>


<tooltip><![CDATA[

<table width="100%"> 
	<tr> 
		<td align="left" class="tsw_tooltiptitle tsw_q;QL_VALUE;" colspan="2">Siegel der Disziplin</td> </tr>
	<tr> 
		<td align="left" class="tsw_infolabel" colspan="2">Siegel (QS 10)</td> </tr> 
	<tr> <td colspan="2"> <hr class="tsw_tooltip_hr"> </td>
		 </tr>  
	<tr> 
		
		</tr> 
		<tr>
		<td align="left" class="tsw_infolabel" colspan="2">Wenn Sie einen Streiftreffer erleiden, erhalten Sie <span class="tsw_infolabel_hl">8</span> Sekunden lang <span class="tsw_q3">116</span>/<span class="tsw_q4">232</span>/<span class="tsw_q5">349</span> Verteidigungswert. <span class="tsw_infolabel_hl">8</span> Sekunden Abklingzeit. Dieses Siegel kann an Kopftalismanen angebracht werden.
	</td></tr>

	

</table>
]]>
</tooltip></tswitem>
