﻿<?xml version="1.0" encoding="utf-8"?>
<tswitem>
<itemid>200002</itemid>
<name>Siegel der Gewalt</name>
<iconpath>200002</iconpath>
<quality>5</quality>


<tooltip><![CDATA[

<table width="100%"> 
	<tr> 
		<td align="left" class="tsw_tooltiptitle tsw_q;QL_VALUE;" colspan="2">Siegel der Gewalt</td> </tr>
	<tr> 
		<td align="left" class="tsw_infolabel" colspan="2">Siegel (QS 10)</td> </tr> 
	<tr> <td colspan="2"> <hr class="tsw_tooltip_hr"> </td>
		 </tr>  
	<tr> 
		
		</tr> 
		<tr>
		<td align="left" class="tsw_infolabel" colspan="2">Ihr Angriffswert wird um <span class="tsw_q3">47</span>/<span class="tsw_q4">94</span>/<span class="tsw_q5">141</span> erhöht. Dieses Siegel kann an großen Talismanen angebracht werden.


	</td></tr>

	

</table>
]]>
</tooltip></tswitem>
