﻿<?xml version="1.0" encoding="utf-8"?>
<tswitem>
<itemid>100002</itemid>
<name>Amélioration de critère</name>
<iconpath>100002</iconpath>
<quality>5</quality>


<tooltip><![CDATA[

<table width="100%"> 
	<tr> 
		<td align="left" class="tsw_tooltiptitle tsw_q;QL_VALUE;" colspan="2">Amélioration de critère
</td> </tr>
	<tr> 
		<td align="left" class="tsw_infolabel" colspan="2">Composant d'assemblage (NQ 10 Épique)</td> </tr> 
	<tr> 
		<td align="left" class="tsw_infolabel_slot" colspan="2">Lié au personnage</td> </tr>  
	<tr> 
		<td colspan="2"> <hr class="tsw_tooltip_hr"> </td>
		</tr> 
		<tr>
		<td align="left" class="tsw_infolabel" colspan="2">Permet à des outiles d'amélioratio d'arme ou de talisman customisé d'améliorer un objet au-delà de ses capacités actuelles.


	</td></tr>

	

</table>
]]>
</tooltip></tswitem>
