﻿<?xml version="1.0" encoding="utf-8"?>
<tswitem>
<itemid>100010</itemid>
<name>Boucle de ceinture de NY</name>
<iconpath>100010</iconpath>
<quality>5</quality>


<tooltip><![CDATA[

<table width="100%"> 
	<tr> 
		<td align="left" class="tsw_tooltiptitle tsw_q;QL_VALUE;" colspan="2">Boucle de ceinture de NY</td> </tr>
	<tr> 
		<td align="left" class="tsw_infolabel" colspan="2">Talisman de ceinture (NQ 10.4 Épique)</td></tr> 
	<tr> 
		 <td align="left" class="tsw_infolabel_slot" colspan="2">Lié au personnage </td></tr>  
	<tr> 
		<td colspan="2"> <hr class="tsw_tooltip_hr"> </td>
		</tr> 
	<tr>
		<td align="left" width="5%"class="tsw_infolabel_hl">+1348</td> 
		<td align="left" class="tsw_infolabel">Santé</td> </tr> 
	<tr> 
		<td colspan="2"> <hr class="tsw_tooltip_hr"> </td>
	</tr>
	<tr>
		<td align="left" class="tsw_infolabel" colspan="2">Toutes les <span class="tsw_infolabel_hl">6</span> secondes, vous obtenez un incrément d'un effet bénéfique qui augmente vos protections physique et magique de <span class="tsw_infolabel_hl">3%</span> par incrément. Cet effet se dissipe si coup pénétrant vous touche ou dès que le nombre total d'incréments dépasse <span class="tsw_infolabel_hl">10</span>.
</td></tr>
	<tr> 
		<td colspan="3"> <hr class="tsw_tooltip_hr"> </td>
	</tr> 
	
	<tr>  
		<td width="5%" align="center" class="tsw_item_manastone"> </td> 
		 <td width="95%" align="left" class="tsw_infolabel_slot">Emplacement de glyphe libre</td></tr>  
	

</table>
]]>
</tooltip></tswitem>