﻿<?xml version="1.0" encoding="utf-8"?>
<tswitem>
<itemid>100021</itemid>
<name>Troisième condensateur du cœur</name>
<iconpath>100021</iconpath>
<quality>6</quality>


<tooltip><![CDATA[

<table width="100%"> 
	<tr> 
		<td align="left" class="tsw_tooltiptitle tsw_q;QL_VALUE;" colspan="2">Troisième condensateur du cœur</td> </tr>
	<tr> 
		<td align="left" class="tsw_infolabel" colspan="2">Composant d'assemblage (NQ 10 Héroïque)</td> </tr> 
	<tr> 
		<td align="left" class="tsw_infolabel_slot" colspan="2">Lié au personnage</td> </tr>  
	<tr> 
		<td colspan="2"> <hr class="tsw_tooltip_hr"> </td>
		</tr> 
		<tr>
		<td align="left" class="tsw_infolabel" colspan="2">Bourdonne d'une énergie mystérieuse ne ressemblant rien de connu dans cet âge.

	</td></tr>

	

</table>
]]>
</tooltip></tswitem>
