﻿<?xml version="1.0" encoding="utf-8"?>
<tswitem>
<itemid>200005</itemid>
<name>Insigne de discipline</name>
<iconpath>200005</iconpath>
<quality>5</quality>


<tooltip><![CDATA[

<table width="100%"> 
	<tr> 
		<td align="left" class="tsw_tooltiptitle tsw_q;QL_VALUE;" colspan="2">Insigne de discipline</td> </tr>
	<tr> 
		<td align="left" class="tsw_infolabel" colspan="2">Insigne (NQ 10)</td> </tr> 
	<tr> <td colspan="2"> <hr class="tsw_tooltip_hr"> </td>
		 </tr>  
	<tr> 
		
		</tr> 
		<tr>
		<td align="left" class="tsw_infolabel" colspan="2">Quand vous êtes touchée par un coup dévié, vous obtenez un bonus de <span class="tsw_q3">116</span>/<span class="tsw_q4">232</span>/<span class="tsw_q5">349</span> à votre valeur de défense pendant<span class="tsw_infolabel_hl">8</span> secondes. Cycle de <span class="tsw_infolabel_hl">8</span> secondes. Cet insigne peut être lié aux talismans de tête.
	</td></tr>

	

</table>
]]>
</tooltip></tswitem>
