﻿<?xml version="1.0" encoding="utf-8"?>
<tswitem>
<itemid>200042</itemid>
<name>Signet of Echoes</name>
<iconpath>200010</iconpath>
<quality>5</quality>


<tooltip><![CDATA[

<table width="100%"> 
	<tr> 
		<td align="left" class="tsw_tooltiptitle tsw_q;QL_VALUE;" colspan="2">Signet of Echoes</td> </tr>
	<tr> 
		<td align="left" class="tsw_infolabel" colspan="2">Signet (QS 10)</td> </tr> 
	<tr> <td colspan="2"> <hr class="tsw_tooltip_hr"> </td>
		 </tr>  
	<tr> 
		
		</tr> 
		<tr>
		<td align="left" class="tsw_infolabel" colspan="2">When you critically heal a target they gain a heal over time effect, healing them for <span class="tsw_q3">7</span>/<span class="tsw_q4">14</span>/<span class="tsw_q5">21</span> health every <span class="tsw_infolabel_hl">1</span> second for <span class="tsw_infolabel_hl">5</span> seconds. Cet insigne peut être lié aux talismans mineurs.
	</td></tr>

	

</table>
]]>
</tooltip></tswitem>
