﻿<?xml version="1.0" encoding="utf-8"?>
<tswitem>
<itemid>200022</itemid>
<name>Insigne d'extirpation</name>
<iconpath>200007</iconpath>
<quality>5</quality>


<tooltip><![CDATA[

<table width="100%"> 
	<tr> 
		<td align="left" class="tsw_tooltiptitle tsw_q;QL_VALUE;" colspan="2">Insigne d'extirpation</td> </tr>
	<tr> 
		<td align="left" class="tsw_infolabel" colspan="2">Insigne (NQ 10)</td> </tr> 
	<tr> <td colspan="2"> <hr class="tsw_tooltip_hr"> </td>
		 </tr>  
	<tr> 
		
		</tr> 
		<tr>
		<td align="left" class="tsw_infolabel" colspan="2">Quand vous entravez une cible, vous récupérez <span class="tsw_q3">47</span>/<span class="tsw_q4">94</span>/<span class="tsw_q5">142</span> points de santé. Cet insigne peut être lié aux talismans de tête ou aux armes.
	</td></tr>

	

</table>
]]>
</tooltip></tswitem>
