﻿<?xml version="1.0" encoding="utf-8"?>
<tswitem>
<itemid>200019</itemid>
<name>Insigne d'opportunisme</name>
<iconpath>200007</iconpath>
<quality>5</quality>


<tooltip><![CDATA[

<table width="100%"> 
	<tr> 
		<td align="left" class="tsw_tooltiptitle tsw_q;QL_VALUE;" colspan="2">Insigne d'opportunisme</td> </tr>
	<tr> 
		<td align="left" class="tsw_infolabel" colspan="2">Insigne (NQ 10)</td> </tr> 
	<tr> <td colspan="2"> <hr class="tsw_tooltip_hr"> </td>
		 </tr>  
	<tr> 
		
		</tr> 
		<tr>
		<td align="left" class="tsw_infolabel" colspan="2">Quand vous touchez une cible affligée, vous avez <span class="tsw_infolabel_hl">20%</span> de chances de lui infliger <span class="tsw_q3">74</span>/<span class="tsw_q4">149</span>/<span class="tsw_q5">223</span> points de dégâts supplémentaires. Cet insigne peut être lié aux talismans de tête ou aux armes.
	</td></tr>

	

</table>
]]>
</tooltip></tswitem>
