﻿<?xml version="1.0" encoding="utf-8"?>
<tswitem>
<itemid>200002</itemid>
<name>Insigne de violence</name>
<iconpath>200002</iconpath>
<quality>5</quality>


<tooltip><![CDATA[

<table width="100%"> 
	<tr> 
		<td align="left" class="tsw_tooltiptitle tsw_q;QL_VALUE;" colspan="2">Insigne de violence</td> </tr>
	<tr> 
		<td align="left" class="tsw_infolabel" colspan="2">Insigne (NQ 10)</td> </tr> 
	<tr> <td colspan="2"> <hr class="tsw_tooltip_hr"> </td>
		 </tr>  
	<tr> 
		
		</tr> 
		<tr>
		<td align="left" class="tsw_infolabel" colspan="2">Votre valeur d'attaque est augmentée de <span class="tsw_q3">47</span>/<span class="tsw_q4">94</span>/<span class="tsw_q5">141</span>. Cet insigne peut être lié aux talismans majeurs.


	</td></tr>

	

</table>
]]>
</tooltip></tswitem>
