﻿<?xml version="1.0" encoding="utf-8"?>
<tswitem>
<itemid>200020</itemid>
<name>Insigne de sadisme</name>
<iconpath>200008</iconpath>
<quality>5</quality>


<tooltip><![CDATA[

<table width="100%"> 
	<tr> 
		<td align="left" class="tsw_tooltiptitle tsw_q;QL_VALUE;" colspan="2">Insigne de sadisme</td> </tr>
	<tr> 
		<td align="left" class="tsw_infolabel" colspan="2">Insigne (NQ 10)</td> </tr> 
	<tr> <td colspan="2"> <hr class="tsw_tooltip_hr"> </td>
		 </tr>  
	<tr> 
		
		</tr> 
		<tr>
		<td align="left" class="tsw_infolabel" colspan="2">Quand vous touchez une cible, vous avez <span class="tsw_infolabel_hl">10%</span> de chances de lui infliger <span class="tsw_q3">142</span>/<span class="tsw_q4">284</span>/<span class="tsw_q5">426</span> points de dégâts supplémentaires. Cet insigne peut être lié aux talismans de tête ou aux armes.
	</td></tr>

	

</table>
]]>
</tooltip></tswitem>
