﻿<?xml version="1.0" encoding="utf-8"?>
<tswitem>
<itemid>200004</itemid>
<name>Insigne de corruption</name>
<iconpath>200004</iconpath>
<quality>5</quality>


<tooltip><![CDATA[

<table width="100%"> 
	<tr> 
		<td align="left" class="tsw_tooltiptitle tsw_q;QL_VALUE;" colspan="2">Insigne de corruption</td> </tr>
	<tr> 
		<td align="left" class="tsw_infolabel" colspan="2">Insigne (NQ 10)</td> </tr> 
	<tr> <td colspan="2"> <hr class="tsw_tooltip_hr"> </td>
		 </tr>  
	<tr> 
		
		</tr> 
		<tr>
		<td align="left" class="tsw_infolabel" colspan="2">Vos effets d'affliction infligent <span class="tsw_q3">7%</span>/<span class="tsw_q4">14%</span>/<span class="tsw_q5">21%</span> de dégâts supplémentaires. Cet insigne peut être lié aux talismans de tête.
	</td></tr>

	

</table>
]]>
</tooltip></tswitem>
