﻿<?xml version="1.0" encoding="utf-8"?>
<tswitem>
<itemid>200017</itemid>
<name>Insigne de furie</name>
<iconpath>200008</iconpath>
<quality>5</quality>


<tooltip><![CDATA[

<table width="100%"> 
	<tr> 
		<td align="left" class="tsw_tooltiptitle tsw_q;QL_VALUE;" colspan="2">Insigne de furie</td> </tr>
	<tr> 
		<td align="left" class="tsw_infolabel" colspan="2">Insigne (NQ 10)</td> </tr> 
	<tr> <td colspan="2"> <hr class="tsw_tooltip_hr"> </td>
		 </tr>  
	<tr> 
		
		</tr> 
		<tr>
		<td align="left" class="tsw_infolabel" colspan="2">Quand <span class="tsw_infolabel_hl">10</span> de vos coups portent, vous obtenez un bonus de <span class="tsw_q3">5%</span>/<span class="tsw_q4">10%</span>/<span class="tsw_q5">15%</span> aux dégâts pendant <span class="tsw_infolabel_hl">6</span> secondes. Cycle de <span class="tsw_infolabel_hl">6</span> secondes. Cet insigne peut être lié aux talismans de tête ou aux armes.
	</td></tr>

	

</table>
]]>
</tooltip></tswitem>
