﻿<?xml version="1.0" encoding="utf-8"?>
<tswitem>
<itemid>200052</itemid>
<name>Insigne de haine</name>
<iconpath>200011</iconpath>
<quality>5</quality>


<tooltip><![CDATA[

<table width="100%"> 
	<tr> 
		<td align="left" class="tsw_tooltiptitle tsw_q;QL_VALUE;" colspan="2">Insigne de haine</td> </tr>
	<tr> 
		<td align="left" class="tsw_infolabel" colspan="2">Signet (QS 10)</td> </tr> 
	<tr> <td colspan="2"> <hr class="tsw_tooltip_hr"> </td>
		 </tr>  
	<tr> 
		
		</tr> 
		<tr>
		<td align="left" class="tsw_infolabel" colspan="2">Quand vous parez un coup, l'évitez ou que vous êtes touché par un coup dévié, vous inspirez <span class="tsw_q3">Peu de haine</span>/<span class="tsw_q4">de la haine</span>/<span class="tsw_q5">beaucoup de haine</span> à votre cible enemie. Cycle de <span class="tsw_infolabel_hl">6</span> secondes. Cet insigne peut être lié aux talismans mineurs.
	</td></tr>

	

</table>
]]>
</tooltip></tswitem>
