﻿<?xml version="1.0" encoding="utf-8"?>
<tswitem>
<itemid>200011</itemid>
<name>Insigne de plaisir cruel</name>
<iconpath>200007</iconpath>
<quality>5</quality>


<tooltip><![CDATA[

<table width="100%"> 
	<tr> 
		<td align="left" class="tsw_tooltiptitle tsw_q;QL_VALUE;" colspan="2">Insigne de plaisir cruel</td> </tr>
	<tr> 
		<td align="left" class="tsw_infolabel" colspan="2">Insigne (NQ 10)</td> </tr> 
	<tr> <td colspan="2"> <hr class="tsw_tooltip_hr"> </td>
		 </tr>  
	<tr> 
		
		</tr> 
		<tr>
		<td align="left" class="tsw_infolabel" colspan="2">Quand vous touchez une cible affaiblie vous avez <span class="tsw_infolabel_hl">5%</span> de chancesde récupérer <span class="tsw_q3">66</span>/<span class="tsw_q4">132</span>/<span class="tsw_q5">199</span>points de santé toutes les <span class="tsw_infolabel_hl">2</span> secondes pendant <span class="tsw_infolabel_hl">8</span> secondes. Cet insigne peut être lié aux talismans de tête ou aux armes.
	</td></tr>

	

</table>
]]>
</tooltip></tswitem>
