﻿<?xml version="1.0" encoding="utf-8"?>
<tswitem>
<itemid>200010</itemid>
<name>Insigne de tempérance</name>
<iconpath>200006</iconpath>
<quality>5</quality>


<tooltip><![CDATA[

<table width="100%"> 
	<tr> 
		<td align="left" class="tsw_tooltiptitle tsw_q;QL_VALUE;" colspan="2">Insigne de tempérance</td> </tr>
	<tr> 
		<td align="left" class="tsw_infolabel" colspan="2">Insigne (NQ 10)</td> </tr> 
	<tr> <td colspan="2"> <hr class="tsw_tooltip_hr"> </td>
		 </tr>  
	<tr> 
		
		</tr> 
		<tr>
		<td align="left" class="tsw_infolabel" colspan="2">Quand vous soignez une cible à qui il reste moins de <span class="tsw_infolabel_hl">50%</span> de sa santé, elle récupère <span class="tsw_q3">31</span>/<span class="tsw_q4">63</span>/<span class="tsw_q5">94</span> points de santé toutes les <span class="tsw_infolabel_hl">2</span> secondes pendant <span class="tsw_infolabel_hl">8</span> secondes. <span class="tsw_infolabel_hl">8</span> second cooldown. Cet insigne peut être lié aux talismans de tête ou aux armes.
	</td></tr>

	

</table>
]]>
</tooltip></tswitem>
