﻿<?xml version="1.0" encoding="utf-8"?>
<tswitem>
<itemid>200048</itemid>
<name>Signet of Rejuvenation</name>
<iconpath>200011</iconpath>
<quality>5</quality>


<tooltip><![CDATA[

<table width="100%"> 
	<tr> 
		<td align="left" class="tsw_tooltiptitle tsw_q;QL_VALUE;" colspan="2">Signet of Rejuvenation</td> </tr>
	<tr> 
		<td align="left" class="tsw_infolabel" colspan="2">Signet (QS 10)</td> </tr> 
	<tr> <td colspan="2"> <hr class="tsw_tooltip_hr"> </td>
		 </tr>  
	<tr> 
		
		</tr> 
		<tr>
		<td align="left" class="tsw_infolabel" colspan="2">When your healt is below <span class="tsw_infolabel_hl">50%</span> you are healed for <span class="tsw_q3">50</span>/<span class="tsw_q4">100</span>/<span class="tsw_q5">150</span> and affected by a heal over time effect healing you for <span class="tsw_q3">19</span>/<span class="tsw_q4">38</span>/<span class="tsw_q5">57</span> every <span class="tsw_infolabel_hl">2</span> seconds for <span class="tsw_infolabel_hl">8</span> seconds. <span class="tsw_infolabel_hl">12</span> seconds cooldown. Cet insigne peut être lié aux talismans mineurs.
	</td></tr>

	

</table>
]]>
</tooltip></tswitem>
