﻿<?xml version="1.0" encoding="utf-8"?>
<tswitem>
<itemid>200023</itemid>
<name>Insigne d'interdiction</name>
<iconpath>200007</iconpath>
<quality>5</quality>


<tooltip><![CDATA[

<table width="100%"> 
	<tr> 
		<td align="left" class="tsw_tooltiptitle tsw_q;QL_VALUE;" colspan="2">Insigne d'interdiction</td> </tr>
	<tr> 
		<td align="left" class="tsw_infolabel" colspan="2">Insigne (NQ 10)</td> </tr> 
	<tr> <td colspan="2"> <hr class="tsw_tooltip_hr"> </td>
		 </tr>  
	<tr> 
		
		</tr> 
		<tr>
		<td align="left" class="tsw_infolabel" colspan="2">Quand une cible se retrouve diminuée par un de vos pouvoirs, vous récupérez <span class="tsw_q3">55</span>/<span class="tsw_q4">111</span>/<span class="tsw_q5">166</span> points de santé toutes les <span class="tsw_infolabel_hl">2</span> secondes pendant <span class="tsw_infolabel_hl">6</span> secondes. Cet insigne peut être lié aux talismans de tête ou aux armes.
	</td></tr>

	

</table>
]]>
</tooltip></tswitem>
