﻿<?xml version="1.0" encoding="utf-8"?>
<tswitem>
<itemid>200009</itemid>
<name>Insigne de bénédiction</name>
<iconpath>200006</iconpath>
<quality>5</quality>


<tooltip><![CDATA[

<table width="100%"> 
	<tr> 
		<td align="left" class="tsw_tooltiptitle tsw_q;QL_VALUE;" colspan="2">Insigne de bénédiction</td> </tr>
	<tr> 
		<td align="left" class="tsw_infolabel" colspan="2">Insigne (NQ 10)</td> </tr> 
	<tr> <td colspan="2"> <hr class="tsw_tooltip_hr"> </td>
		 </tr>  
	<tr> 
		
		</tr> 
		<tr>
		<td align="left" class="tsw_infolabel" colspan="2">Quand vous soignez une cible, elle a <span class="tsw_infolabel_hl">20%</span> de chance de gagner une barrière absorbant <span class="tsw_q3">47</span>/<span class="tsw_q4">94</span>/<span class="tsw_q5">142</span> points de dégâts et durant <span class="tsw_infolabel_hl">10</span> secondes. Cet insigne peut être lié aux talismans de tête ou aux armes.
	</td></tr>

	

</table>
]]>
</tooltip></tswitem>
