﻿<?xml version="1.0" encoding="utf-8"?>
<tswitem>
<itemid>200015</itemid>
<name>Insigne de correction</name>
<iconpath>200008</iconpath>
<quality>5</quality>


<tooltip><![CDATA[

<table width="100%"> 
	<tr> 
		<td align="left" class="tsw_tooltiptitle tsw_q;QL_VALUE;" colspan="2">Insigne de correction</td> </tr>
	<tr> 
		<td align="left" class="tsw_infolabel" colspan="2">Insigne (NQ 10)</td> </tr> 
	<tr> <td colspan="2"> <hr class="tsw_tooltip_hr"> </td>
		 </tr>  
	<tr> 
		
		</tr> 
		<tr>
		<td align="left" class="tsw_infolabel" colspan="2">Quand vous touchez une cible vous avez <span class="tsw_infolabel_hl">10%</span> de chances qu'aucun de vos <span class="tsw_q3">4</span>/<span class="tsw_q4">8</span>/<span class="tsw_q5">12</span> prochains coups ne soit dévié et  qu'ils infligent tous <span class="tsw_q3">1%</span>/<span class="tsw_q4">2%</span>/<span class="tsw_q5">3%</span> de dég1ats supplémentaires. Cycle de <span class="tsw_q3">4</span>/<span class="tsw_q4">8</span>/<span class="tsw_q5">12</span>. Cet insigne peut être lié aux talismans de tête ou aux armes.
	</td></tr>

	

</table>
]]>
</tooltip></tswitem>
