﻿<?xml version="1.0" encoding="utf-8"?>
<tswitem>
<itemid>200051</itemid>
<name>Insigne de fortification</name>
<iconpath>200011</iconpath>
<quality>5</quality>


<tooltip><![CDATA[

<table width="100%"> 
	<tr> 
		<td align="left" class="tsw_tooltiptitle tsw_q;QL_VALUE;" colspan="2">Insigne de fortification</td> </tr>
	<tr> 
		<td align="left" class="tsw_infolabel" colspan="2">Signet (QS 10)</td> </tr> 
	<tr> <td colspan="2"> <hr class="tsw_tooltip_hr"> </td>
		 </tr>  
	<tr> 
		
		</tr> 
		<tr>
		<td align="left" class="tsw_infolabel" colspan="2">Si votre santé est sous les <span class="tsw_infolabel_hl">50%</span> vous bénéficiez d'une barrière qui absorbe <span class="tsw_q3">126</span>/<span class="tsw_q4">252</span>/<span class="tsw_q5">378</span> points de dégâts pendant <span class="tsw_infolabel_hl">10</span> secondes. Cycle de<span class="tsw_infolabel_hl">12</span> secondes. Cet insigne peut être lié aux talismans mineurs.
	</td></tr>

	

</table>
]]>
</tooltip></tswitem>
