﻿<?xml version="1.0" encoding="utf-8"?>
<tswitem>
<itemid>200050</itemid>
<name>Insigne d'ablation</name>
<iconpath>200011</iconpath>
<quality>5</quality>


<tooltip><![CDATA[

<table width="100%"> 
	<tr> 
		<td align="left" class="tsw_tooltiptitle tsw_q;QL_VALUE;" colspan="2">Insigne d'ablation</td> </tr>
	<tr> 
		<td align="left" class="tsw_infolabel" colspan="2">Signet (QS 10)</td> </tr> 
	<tr> <td colspan="2"> <hr class="tsw_tooltip_hr"> </td>
		 </tr>  
	<tr> 
		
		</tr> 
		<tr>
		<td align="left" class="tsw_infolabel" colspan="2">Si votre santé est sous les <span class="tsw_infolabel_hl">50%</span>, les <span class="tsw_infolabel_hl">5</span> prochains coups que vous subissez vous infligent <span class="tsw_q3">9%</span>/<span class="tsw_q4">17%</span>/<span class="tsw_q5">25%</span> de dégâts en moins. Cycle de <span class="tsw_infolabel_hl">12</span> secondes. Cet insigne peut être lié aux talismans mineurs.
	</td></tr>

	

</table>
]]>
</tooltip></tswitem>
