﻿<?xml version="1.0" encoding="utf-8"?>
<tswitem>
<itemid>8130986</itemid>
<name>Pluie des Dieux Extérieurs</name>
<iconpath>8130986</iconpath>
<quality>5</quality>


<tooltip><![CDATA[

<table width="100%"> 
	<tr> 
		<td align="left" class="tsw_tooltiptitle tsw_q;QL_VALUE;" colspan="2">Pluie des Dieux Extérieurs</td> </tr>
	<tr> 
		<td align="left" class="tsw_infolabel" colspan="2">Fusil d'assaut (NQ 10.1 Épique)</td> </tr> 
	<tr> 
		<td align="left" class="tsw_infolabel_slot" colspan="2">Lié au personnage</td> </tr>  
	<tr> 
		<td colspan="2"> <hr class="tsw_tooltip_hr"> </td>
		</tr> 
	<tr>
		<td align="left" width="5%"class="tsw_infolabel_hl">+411</td> 
		<td align="left" class="tsw_infolabel"> Puissance de l'arme</td> </tr> 
	<tr> 
		<td colspan="2"> <hr class="tsw_tooltip_hr"> </td>
	</tr>
	<tr>
		<td width="5%" align="center" class="tsw_item_manastone"></td>
		<td width="95%" align="left" class="tsw_infolabel_slot">Emplacement de glyphe libre</td></tr>
	<tr>  
		<td width="5%" align="center" class="tsw_item_manastone"> </td> 
		 <td width="95%" align="left" class="tsw_infolabel_slot">Emplacement d'insigne libre</td></tr>  
	

</table>
]]>
</tooltip></tswitem>
