<?xml version="1.0" encoding="utf-8"?>	
	<tswitem>
	<itemid>8258646</itemid>
	<name>Résonateur d'augmentation contrariant</name>
	<iconpath>8258646</iconpath>
	<quality>4</quality>
	
	
	<tooltip><![CDATA[
	
	<table width="100%"> 
		<tr> 
	<td align="left" class="tsw_tooltiptitle tsw_q;QL_VALUE;" colspan="2">Résonateur d'augmentation contrariant</td> </tr>
		<tr> 
	<td align="left" colspan="2">Augmentation de <font color='#59DFF7'>survie</font> brute.</td>
		<tr> <td colspan="2"> <hr class="tsw_tooltip_hr"> </td>
			 </tr>  
		<tr> 
			
			</tr> 
			<tr>
	<td align="left" class="tsw_infolabel" colspan="2">Faire entrer cette augmentation en résonance avec un pouvoir actif accroît la haine qu'il génère de <span class="tsw_q2">20%</span>/ <span class="tsw_q3">40%</span>/ <span class="tsw_q4">60%</span>/ <span class="tsw_q5">80%</span>/ <span class="tsw_q6">100%</span>.

		</td></tr>
	<tr> <td colspan="2"> <hr class="tsw_tooltip_hr"> </td> </tr>
	<tr>  
	<td>Pour harmoniser cette augmentation, placez-la dans la fenêtre d'assemblage avec :
	 <ul>
	<li>2 Résonateur d'augmentation robuste harmonisé</li>
	<li>60 Eau pure</li>
	</ul> 
	</td></tr>
	
	</table>
	]]>
	</tooltip></tswitem>