<?xml version="1.0" encoding="utf-8"?>	
	<tswitem>
	<itemid>8258715</itemid>
	<name>Résonateur d'augmentation restauratif</name>
	<iconpath>8258715</iconpath>
	<quality>4</quality>
	
	
	<tooltip><![CDATA[
	
	<table width="100%"> 
		<tr> 
	<td align="left" class="tsw_tooltiptitle tsw_q;QL_VALUE;" colspan="2">Résonateur d'augmentation restauratif</td> </tr>
		<tr> 
	<td align="left" colspan="2">Augmentation de <font color='#1CF286'>soins</font> brute</td>
		<tr> <td colspan="2"> <hr class="tsw_tooltip_hr"> </td>
			 </tr>  
		<tr> 
			
			</tr> 
			<tr>
	<td align="left" class="tsw_infolabel" colspan="2">Faire entrer cette augmentation en résonance avec un pouvoir actif accroît la puissance des effets de soins sur la durée de <span class="tsw_q2">1%</span>/ <span class="tsw_q3">2%</span>/ <span class="tsw_q4">3%</span>/ <span class="tsw_q5">4%</span>/ <span class="tsw_q6">5%</span> pour ce pouvoir.

		</td></tr>
	<tr> <td colspan="2"> <hr class="tsw_tooltip_hr"> </td> </tr>
	<tr>  
	<td>Pour harmoniser cette augmentation, placez-la dans la fenêtre d'assemblage avec :
	 <ul>
	<li>2 Résonateur d'augmentation réparateur harmonisé</li>
	<li>60 Poussière pure</li>
	</ul> 
	</td></tr>
	
	</table>
	]]>
	</tooltip></tswitem>