<?xml version="1.0" encoding="utf-8"?>	
	<tswitem>
	<itemid>8258745</itemid>
	<name>Résonateur d'augmentation farouche</name>
	<iconpath>8258745</iconpath>
	<quality>5</quality>
	
	
	<tooltip><![CDATA[
	
	<table width="100%"> 
		<tr> 
	<td align="left" class="tsw_tooltiptitle tsw_q;QL_VALUE;" colspan="2">Résonateur d'augmentation farouche</td> </tr>
		<tr> 
	<td align="left" colspan="2">Augmentation de <font color='#FF2F1F'>dégâts</font> brute.</td>
		<tr> <td colspan="2"> <hr class="tsw_tooltip_hr"> </td>
			 </tr>  
		<tr> 
			
			</tr> 
			<tr>
	<td align="left" class="tsw_infolabel" colspan="2">Faire entrer cette augmentation en résonance avec un pouvoir actif accroît vos chances de pénétration de <span class="tsw_q2">1%</span>/ <span class="tsw_q3">2%</span>/ <span class="tsw_q4">3%</span>/ <span class="tsw_q5">4%</span>/ <span class="tsw_q6">5%</span> et vos chances de critique de 
	<span class="tsw_q2">1%</span>/ <span class="tsw_q3">2%</span>/ <span class="tsw_q4">3%</span>/ <span class="tsw_q5">4%</span>/ <span class="tsw_q6">5%</span> pour ce pouvoir.
		</td></tr>
	<tr> <td colspan="2"> <hr class="tsw_tooltip_hr"> </td> </tr>
	<tr>  
	<td>Pour harmoniser cette augmentation, placez-la dans la fenêtre d'assemblage avec :
	 <ul>
	<li>3 Résonateur d'augmentation exact harmonisé</li>
	<li>12 Rune de Lu pure</li>
	<li>12 Pure trinity runes</li>
	<li>72 Feu pur</li>
	</ul> 
	</td></tr>
	
	</table>
	]]>
	</tooltip></tswitem>