<?xml version="1.0" encoding="utf-8"?>	
	<tswitem>
	<itemid>8258621</itemid>
	<name>Résonateur d'augmentation guérisseur</name>
	<iconpath>8258621</iconpath>
	<quality>3</quality>
	
	
	<tooltip><![CDATA[
	
	<table width="100%"> 
		<tr> 
	<td align="left" class="tsw_tooltiptitle tsw_q;QL_VALUE;" colspan="2">Résonateur d'augmentation guérisseur</td> </tr>
		<tr> 
	<td align="left" colspan="2">Augmentation de <font color='#F6E632'>soutien</font> brute.</td>
		<tr> <td colspan="2"> <hr class="tsw_tooltip_hr"> </td>
			 </tr>  
		<tr> 
			
			</tr> 
			<tr>
	<td align="left" class="tsw_infolabel" colspan="2">Faire entrer cette augmentation en résonance avec un pouvoir actif soigne tout votre groupe de <span class="tsw_q2">15</span>/ <span class="tsw_q3">30</span>/ <span class="tsw_q4">45</span>/ <span class="tsw_q5">60</span>/ <span class="tsw_q6">75</span> points de santé lorsque vous activez ce pouvoir. Ne peut se produire qu'une fois toutes les 10 secondes.

		</td></tr>
	
	</table>
	]]>
	</tooltip></tswitem>