<?xml version="1.0" encoding="utf-8"?>	
	<tswitem>
	<itemid>8258760</itemid>
	<name>Résonateur d'augmentation précis</name>
	<iconpath>8258760</iconpath>
	<quality>4</quality>
	
	
	<tooltip><![CDATA[
	
	<table width="100%"> 
		<tr> 
	<td align="left" class="tsw_tooltiptitle tsw_q;QL_VALUE;" colspan="2">Résonateur d'augmentation précis</td> </tr>
		<tr> 
	<td align="left" colspan="2">Augmentation de <font color='#FF2F1F'>dégâts</font> brute.</td>
		<tr> <td colspan="2"> <hr class="tsw_tooltip_hr"> </td>
			 </tr>  
		<tr> 
			
			</tr> 
			<tr>
	<td align="left" class="tsw_infolabel" colspan="2">Faire entrer cette augmentation en résonance avec un pouvoir actif accroît votre valeur de toucher de <span class="tsw_q2">50</span>/ <span class="tsw_q3">100</span>/ <span class="tsw_q4">150</span>/ <span class="tsw_q5">200</span>/ <span class="tsw_q6">250</span> pour ce pouvoir.

		</td></tr>
	<tr> <td colspan="2"> <hr class="tsw_tooltip_hr"> </td> </tr>
	<tr>  
	<td>Pour harmoniser cette augmentation, placez-la dans la fenêtre d'assemblage avec :
	 <ul>
	<li>2 Résonateur d'augmentation exact harmonisé</li>
	<li>24 Rune de la roue pure</li>
	<li>36 Feu pur</li>
	</ul> 
	</td></tr>
	
	</table>
	]]>
	</tooltip></tswitem>