<?xml version="1.0" encoding="utf-8"?>	
	<tswitem>
	<itemid>8258626</itemid>
	<name>Résonateur d'augmentation immortel</name>
	<iconpath>8258626</iconpath>
	<quality>6</quality>
	
	
	<tooltip><![CDATA[
	
	<table width="100%"> 
		<tr> 
	<td align="left" class="tsw_tooltiptitle tsw_q;QL_VALUE;" colspan="2">Résonateur d'augmentation immortel</td> </tr>
		<tr> 
	<td align="left" colspan="2">Augmentation de <font color='#59DFF7'>survie</font> brute.</td>
		<tr> <td colspan="2"> <hr class="tsw_tooltip_hr"> </td>
			 </tr>  
		<tr> 
			
			</tr> 
			<tr>
	<td align="left" class="tsw_infolabel" colspan="2">Faire entrer cette augmentation en résonance avec un pouvoir actif vous soigne de <span class="tsw_q2">5%</span>/ <span class="tsw_q3">7%</span>/ <span class="tsw_q4">9%</span>/ <span class="tsw_q5">12,5%</span>/ <span class="tsw_q6">15%</span> de vos points de santé maximum lorsque vous activez ce pouvoir. Ne peut se produire qu'une fois toutes les 20 secondes.

		</td></tr>
	<tr> <td colspan="2"> <hr class="tsw_tooltip_hr"> </td> </tr>
	<tr>  
	<td>Pour harmoniser cette augmentation, placez-la dans la fenêtre d'assemblage avec :
	 <ul>
	<li>4 Résonateur d'augmentation robuste harmonisé</li>
	<li>60 Poussière pure</li>
	<li>60 Eau pure</li>
	</ul> 
	</td></tr>
	
	</table>
	]]>
	</tooltip></tswitem>