<?xml version="1.0" encoding="utf-8"?>	
	<tswitem>
	<itemid>8258676</itemid>
	<name>Résonateur d'augmentation miraculeux</name>
	<iconpath>8258676</iconpath>
	<quality>6</quality>
	
	
	<tooltip><![CDATA[
	
	<table width="100%"> 
		<tr> 
	<td align="left" class="tsw_tooltiptitle tsw_q;QL_VALUE;" colspan="2">Résonateur d'augmentation miraculeux</td> </tr>
		<tr> 
	<td align="left" colspan="2">Augmentation de <font color='#1CF286'>soins</font> brute</td>
		<tr> <td colspan="2"> <hr class="tsw_tooltip_hr"> </td>
			 </tr>  
		<tr> 
			
			</tr> 
			<tr>
	<td align="left" class="tsw_infolabel" colspan="2">Faire entrer cette augmentation en résonance avec un pouvoir actif augmente les soins prodigués par ce pouvoir de <span class="tsw_q2">8%</span>/ <span class="tsw_q3">11%</span>/ <span class="tsw_q4">14%</span>/ <span class="tsw_q5">17%</span>/ <span class="tsw_q6">0,2</span>.

		</td></tr>
	<tr> <td colspan="2"> <hr class="tsw_tooltip_hr"> </td> </tr>
	<tr>  
	<td>Pour harmoniser cette augmentation, placez-la dans la fenêtre d'assemblage avec :
	 <ul>
	<li>4 Résonateur d'augmentation réparateur harmonisé</li>
	<li>60 Métal pur</li>
	<li>60 Poussière pure</li>
	</ul> 
	</td></tr>
	
	</table>
	]]>
	</tooltip></tswitem>