<?xml version="1.0" encoding="utf-8"?>	
	<tswitem>
	<itemid>8258576</itemid>
	<name>Résonateur d'augmentation versatile</name>
	<iconpath>8258576</iconpath>
	<quality>6</quality>
	
	
	<tooltip><![CDATA[
	
	<table width="100%"> 
		<tr> 
	<td align="left" class="tsw_tooltiptitle tsw_q;QL_VALUE;" colspan="2">Résonateur d'augmentation versatile</td> </tr>
		<tr> 
	<td align="left" colspan="2">Augmentation de <font color='#F6E632'>soutien</font> brute.</td>
		<tr> <td colspan="2"> <hr class="tsw_tooltip_hr"> </td>
			 </tr>  
		<tr> 
			
			</tr> 
			<tr>
	<td align="left" class="tsw_infolabel" colspan="2">Faire entrer cette augmentation en résonance avec un pouvoir actif réduit la durée des cycles de rechargement actifs de tout votre groupe de <span class="tsw_q2">2%</span>/ <span class="tsw_q3">4%</span>/ <span class="tsw_q4">6%</span>/ <span class="tsw_q5">8%</span>/ <span class="tsw_q6">10%</span> lorsque vous activez ce pouvoir. Ne peut se produire qu'une fois toutes les 

		</td></tr>
	<tr> <td colspan="2"> <hr class="tsw_tooltip_hr"> </td> </tr>
	<tr>  
	<td>Pour harmoniser cette augmentation, placez-la dans la fenêtre d'assemblage avec :
	 <ul>
	<li>4 Résonateur d'augmentation guérisseur harmonisé</li>
	<li>120 Métal pur</li>
	</ul> 
	</td></tr>
	
	</table>
	]]>
	</tooltip></tswitem>