<?xml version="1.0" encoding="utf-8"?>	
	<tswitem>
	<itemid>8258606</itemid>
	<name>Résonateur d'augmentation fortifiant</name>
	<iconpath>8258606</iconpath>
	<quality>4</quality>
	
	
	<tooltip><![CDATA[
	
	<table width="100%"> 
		<tr> 
	<td align="left" class="tsw_tooltiptitle tsw_q;QL_VALUE;" colspan="2">Résonateur d'augmentation fortifiant</td> </tr>
		<tr> 
	<td align="left" colspan="2">Augmentation de <font color='#F6E632'>soutien</font> brute.</td>
		<tr> <td colspan="2"> <hr class="tsw_tooltip_hr"> </td>
			 </tr>  
		<tr> 
			
			</tr> 
			<tr>
	<td align="left" class="tsw_infolabel" colspan="2">Faire entrer cette augmentation en résonance avec un pouvoir actif confère à tout votre groupe un effet bénéfique accroissant les soins prodigués de <span class="tsw_q2">2%</span>/ <span class="tsw_q3">4%</span>/ <span class="tsw_q4">6&</span>/ <span class="tsw_q5">8%</span>/ <span class="tsw_q6">10%</span> pendant 5 secondes lorsque vous activez ce pouvoir. Ne peut se produire qu'une fois toutes les 30 secondes.

		</td></tr>
	<tr> <td colspan="2"> <hr class="tsw_tooltip_hr"> </td> </tr>
	<tr>  
	<td>Pour harmoniser cette augmentation, placez-la dans la fenêtre d'assemblage avec :
	 <ul>
	<li>2 Résonateur d'augmentation guérisseur harmonisé</li>
	<li>60 Métal pur</li>
	</ul> 
	</td></tr>
	
	</table>
	]]>
	</tooltip></tswitem>