<?xml version="1.0" encoding="utf-8"?>	
	<tswitem>
	<itemid>8258755</itemid>
	<name>Résonateur d'augmentation féroce</name>
	<iconpath>8258755</iconpath>
	<quality>4</quality>
	
	
	<tooltip><![CDATA[
	
	<table width="100%"> 
		<tr> 
	<td align="left" class="tsw_tooltiptitle tsw_q;QL_VALUE;" colspan="2">Résonateur d'augmentation féroce</td> </tr>
		<tr> 
	<td align="left" colspan="2">Augmentation de <font color='#FF2F1F'>dégâts</font> brute.</td>
		<tr> <td colspan="2"> <hr class="tsw_tooltip_hr"> </td>
			 </tr>  
		<tr> 
			
			</tr> 
			<tr>
	<td align="left" class="tsw_infolabel" colspan="2">Faire entrer cette augmentation en résonance avec un pouvoir actif accroît votre puissance critique de <span class="tsw_q2">5%</span>/ <span class="tsw_q3">7%</span>/ <span class="tsw_q4">9%</span>/ <span class="tsw_q5">12,5%</span>/ <span class="tsw_q6">15%</span> pour ce pouvoir.

		</td></tr>
	<tr> <td colspan="2"> <hr class="tsw_tooltip_hr"> </td> </tr>
	<tr>  
	<td>Pour harmoniser cette augmentation, placez-la dans la fenêtre d'assemblage avec :
	 <ul>
	<li>2 Résonateur d'augmentation exact harmonisé</li>
	<li>24 Rune de Denkyem pure</li>
	<li>36 Feu pur</li>
	</ul> 
	</td></tr>
	
	</table>
	]]>
	</tooltip></tswitem>