<?xml version="1.0" encoding="utf-8"?>
<list>
<tswitem id="100001" name="Amorce astrale" quality="5"/>
<tswitem id="100002" name="Amélioration de critère" quality="5"/>
<tswitem id="100003" name="Sang des Anciens" quality="5"/>
<tswitem id="100004" name="Marque du rejeton stellaire" quality="5"/>
<tswitem id="100005" name="Cendres de choses anciennens" quality="5"/>
<tswitem id="100006" name="Bague de Coney Island" quality="5"/>
<tswitem id="100007" name="Pendentif d'Egon" quality="5"/>
<tswitem id="100008" name="Bracelet de Brooklyn" quality="5"/>
<tswitem id="100009" name="Jetons de métro" quality="5"/>
<tswitem id="100010" name="Boucle de ceinture de NY" quality="5"/>
<tswitem id="100011" name="Charme de Broadway" quality="5"/>
<tswitem id="100012" name="Vérité objective" quality="5"/>
<tswitem id="100013" name="Le Bronx" quality="5"/>
<tswitem id="100014" name="Arme de main" quality="5"/>
<tswitem id="100015" name="Fine des temps" quality="5"/>
<tswitem id="100016" name="Vérité objective" quality="5"/>
<tswitem id="100017" name="Le cinquième élément" quality="5"/>
<tswitem id="100018" name="Jauge stellaire" quality="5"/>
<tswitem id="100019" name="Bienet Mal" quality="5"/>
<tswitem id="100020" name="Assaut final" quality="5"/>
<tswitem id="100021" name="Troisième condensateur du cœur" quality="5"/>
<tswitem id="100022" name="Diode céleste" quality="5"/>
<tswitem id="8130815" name="Polyèdres du Ver" quality="5"/>
<tswitem id="8130823" name="Ceinture des lamproies convulsives" quality="5"/>
<tswitem id="8130847" name="Houppelande du Calmar Vampire" quality="5"/>
<tswitem id="8130848" name="Anneau des Dieux Mollusques" quality="5"/>
<tswitem id="8130849" name="Médaillon du Ciel Tentaculaire" quality="5"/>
<tswitem id="8130850" name="Menottes du Rôdeur sur le Seuil" quality="5"/>
<tswitem id="8130980" name="Encre de seiche" quality="5"/>
<tswitem id="8130981" name="Algues bioluminescentes" quality="5"/>
<tswitem id="8130982" name="Fluide bilieux" quality="5"/>
<tswitem id="8130984" name="Canon à singularités" quality="5"/>	
<tswitem id="8130985" name="Faucheuses inconcevables" quality="5"/>
<tswitem id="8130986" name="Pluie des Dieux Extérieurs" quality="5"/>
<tswitem id="8131219" name="Fustigateur de la Nuit Ancienne" quality="5"/>
<tswitem id="8131220" name="Serres vermiculaires" quality="5"/>
<tswitem id="8131221" name="Tranchoir des Ténèbres Extérieures" quality="5"/>
<tswitem id="8131222" name="De Vermis Mysteriis" quality="5"/>
<tswitem id="8131223" name="Babiole du feu du ver sinistre" quality="5"/>
<tswitem id="8131224" name="Masque du Chaos Rampant" quality="5"/>
<tswitem id="7894446" name="Outils d'amélioration d'arme auxiliaire" quality="5"/>

<tswitem id="200001" name="Insigne d'amélioration" quality="7"/>
<tswitem id="200002" name="Insigne de violence" quality="7"/>
<tswitem id="200003" name="Insigne de vigueur" quality="7"/>
<tswitem id="200004" name="Insigne de corruption" quality="7"/>
<tswitem id="200005" name="Insigne de discipline" quality="7"/>
<tswitem id="200006" name="Insigne d'ordre" quality="7"/>
<tswitem id="200007" name="Insigne de renfort" quality="7"/>
<tswitem id="200008" name="Insigne de résistance" quality="7"/>
<tswitem id="200009" name="Insigne de bénédiction" quality="7"/>
<tswitem id="200010" name="Insigne de tempérance" quality="7"/>
<tswitem id="200011" name="Insigne de plaisir cruel" quality="7"/>
<tswitem id="200012" name="Insigne de bravoure" quality="7"/>
<tswitem id="200013" name="Insigne de maltraitance" quality="7"/>
<tswitem id="200014" name="Insigne d'aggressiviré" quality="7"/>
<tswitem id="200015" name="Insigne de trouée" quality="7"/>
<tswitem id="200016" name="Insigne de correction" quality="7"/>
<tswitem id="200017" name="Insigne de furie" quality="7"/>
<tswitem id="200018" name="Insigne de lacération" quality="7"/>
<tswitem id="200019" name="Insigne d'opportunisme" quality="7"/>
<tswitem id="200020" name="Insigne de sadisme" quality="7"/>
<tswitem id="200021" name="Insigne de détention" quality="7"/>
<tswitem id="200022" name="Insigne d'extirpation" quality="7"/>
<tswitem id="200023" name="Insigne d'interdiction" quality="7"/>
<tswitem id="200024" name="Insigne d'obéissance" quality="7"/>
<tswitem id="200025" name="Insigne d'assassinat" quality="7"/>
<tswitem id="200026" name="Insigne de barrage" quality="7"/>
<tswitem id="200027" name="Insigne de découpe" quality="7"/>
<tswitem id="200028" name="Insigne de distorsion" quality="7"/>
<tswitem id="200029" name="Insigne d'exécution" quality="7"/>
<tswitem id="200030" name="Insigne de flux" quality="7"/>
<tswitem id="200031" name="Insigne de liquidation" quality="7"/>
<tswitem id="200032" name="Insigne de rage" quality="7"/>
<tswitem id="200033" name="Insigne de récursivité" quality="7"/>
<tswitem id="200034" name="Insigne de dentelure" quality="7"/>
<tswitem id="200035" name="Insigne des eclats" quality="7"/>
<tswitem id="200036" name="Insigne de fracas" quality="7"/>
<tswitem id="200037" name="Insigne des tempêtes" quality="7"/>
<tswitem id="200038" name="Insigne de épées" quality="7"/>
<tswitem id="200039" name="Insigne de subjugation" quality="7"/>
<tswitem id="200040" name="Insigne des tomes" quality="7"/>
<tswitem id="200041" name="Insigne de sérénité" quality="7"/>
<tswitem id="200042" name="Insigne des échos" quality="7"/>
<tswitem id="200043" name="Insigne de l'équilibre" quality="7"/>
<tswitem id="200044" name="Insigne de soif" quality="7"/>
<tswitem id="200045" name="Insigne d'harmonie" quality="7"/>
<tswitem id="200046" name="Insigne de faim" quality="7"/>
<tswitem id="200047" name="Insigne de décurité" quality="7"/>
<tswitem id="200048" name="Insigne de rajeunissement" quality="7"/>
<tswitem id="200049" name="Insigne de salut" quality="7"/>
<tswitem id="200050" name="Insigne d'ablation" quality="7"/>
<tswitem id="200051" name="Insigne de fortification" quality="7"/>
<tswitem id="200052" name="Insigne de haine" quality="7"/>
<tswitem id="200053" name="Empreinte d'arme auxiliaire" quality="7"/>
<tswitem id="200054" name="Augure d'arme auxiliaire" quality="7"/>
<tswitem id="200055" name="Attache d'arme auxiliaire" quality="7"/>
<tswitem id="200056" name="Turbo d'arme auxiliaire" quality="7"/>
<tswitem id="200057" name="Sceau d'arme auxiliaire" quality="7"/>
<tswitem id="200058" name="Réglage d'arme auxiliaire" quality="7"/>
<tswitem id="200059" name="Module d'arne auxiliaire" quality="7"/>
<tswitem id="200060" name="Charge d'arme auxiliaire" quality="7"/>

<tswitem id="200001" name="Insigne d'amélioration violet" quality="6"/>
<tswitem id="200002" name="Insigne de violence violet" quality="6"/>
<tswitem id="200003" name="Insigne de vigueur violet" quality="6"/>
<tswitem id="200004" name="Insigne de corruption violet" quality="6"/>
<tswitem id="200005" name="Insigne de discipline violet" quality="6"/>
<tswitem id="200006" name="Insigne d'ordre violet" quality="6"/>
<tswitem id="200007" name="Insigne de renfort violet" quality="6"/>
<tswitem id="200008" name="Insigne de résistance violet" quality="6"/>
<tswitem id="200009" name="Insigne de bénédiction violet" quality="6"/>
<tswitem id="200010" name="Insigne de tempérance violet" quality="6"/>
<tswitem id="200011" name="Insigne de plaisir cruel violet" quality="6"/>
<tswitem id="200012" name="Insigne de bravoure violet" quality="6"/>
<tswitem id="200013" name="Insigne de maltraitance violet" quality="6"/>
<tswitem id="200014" name="Insigne d'aggressiviré violet" quality="6"/>
<tswitem id="200015" name="Insigne de trouée violet" quality="6"/>
<tswitem id="200016" name="Insigne de correction violet" quality="6"/>
<tswitem id="200017" name="Insigne de furie violet" quality="6"/>
<tswitem id="200018" name="Insigne de lacération violet" quality="6"/>
<tswitem id="200019" name="Insigne d'opportunisme violet" quality="6"/>
<tswitem id="200020" name="Insigne de sadisme violet" quality="6"/>
<tswitem id="200021" name="Insigne de détention violet" quality="6"/>
<tswitem id="200022" name="Insigne d'extirpation violet" quality="6"/>
<tswitem id="200023" name="Insigne d'interdiction violet" quality="6"/>
<tswitem id="200024" name="Insigne d'obéissance violet" quality="6"/>
<tswitem id="200025" name="Insigne d'assassinat violet" quality="6"/>
<tswitem id="200026" name="Insigne de barrage violet" quality="6"/>
<tswitem id="200027" name="Insigne de découpe violet" quality="6"/>
<tswitem id="200028" name="Insigne de distorsion violet" quality="6"/>
<tswitem id="200029" name="Insigne d'exécution violet" quality="6"/>
<tswitem id="200030" name="Insigne de flux violet" quality="6"/>
<tswitem id="200031" name="Insigne de liquidation violet" quality="6"/>
<tswitem id="200032" name="Insigne de rage violet" quality="6"/>
<tswitem id="200033" name="Insigne de récursivité violet" quality="6"/>
<tswitem id="200034" name="Insigne de dentelure violet" quality="6"/>
<tswitem id="200035" name="Insigne des eclats violet" quality="6"/>
<tswitem id="200036" name="Insigne de fracas violet" quality="6"/>
<tswitem id="200037" name="Insigne des tempêtes violet" quality="6"/>
<tswitem id="200038" name="Insigne de épées violet" quality="6"/>
<tswitem id="200039" name="Insigne de subjugation violet" quality="6"/>
<tswitem id="200040" name="Insigne des tomes violet" quality="6"/>
<tswitem id="200041" name="Insigne de sérénité violet" quality="6"/>
<tswitem id="200042" name="Insigne des échos violet" quality="6"/>
<tswitem id="200043" name="Insigne de l'équilibre violet" quality="6"/>
<tswitem id="200044" name="Insigne de soif violet" quality="6"/>
<tswitem id="200045" name="Insigne d'harmonie violet" quality="6"/>
<tswitem id="200046" name="Insigne de faim violet" quality="6"/>
<tswitem id="200047" name="Insigne de décurité violet" quality="6"/>
<tswitem id="200048" name="Insigne de rajeunissement violet" quality="6"/>
<tswitem id="200049" name="Insigne de salut violet" quality="6"/>
<tswitem id="200050" name="Insigne d'ablation violet" quality="6"/>
<tswitem id="200051" name="Insigne de fortification violet" quality="6"/>
<tswitem id="200052" name="Insigne de haine violet" quality="6"/>
<tswitem id="200053" name="Empreinte d'arme auxiliaire violet" quality="6"/>
<tswitem id="200054" name="Augure d'arme auxiliaire violet" quality="6"/>
<tswitem id="200055" name="Attache d'arme auxiliaire violet" quality="6"/>
<tswitem id="200056" name="Turbo d'arme auxiliaire violet" quality="6"/>
<tswitem id="200057" name="Sceau d'arme auxiliaire violet" quality="6"/>
<tswitem id="200058" name="Réglage d'arme auxiliaire violet" quality="6"/>
<tswitem id="200059" name="Module d'arne auxiliaire violet" quality="6"/>
<tswitem id="200060" name="Charge d'arme auxiliaire violet" quality="6"/>

<tswitem id="200001" name="Insigne d'amélioration bleu" quality="5"/>
<tswitem id="200002" name="Insigne de violence bleu" quality="5"/>
<tswitem id="200003" name="Insigne de vigueur bleu" quality="5"/>
<tswitem id="200004" name="Insigne de corruption bleu" quality="5"/>
<tswitem id="200005" name="Insigne de discipline bleu" quality="5"/>
<tswitem id="200006" name="Insigne d'ordre bleu" quality="5"/>
<tswitem id="200007" name="Insigne de renfort bleu" quality="5"/>
<tswitem id="200008" name="Insigne de résistance bleu" quality="5"/>
<tswitem id="200009" name="Insigne de bénédiction bleu" quality="5"/>
<tswitem id="200010" name="Insigne de tempérance bleu" quality="5"/>
<tswitem id="200011" name="Insigne de plaisir cruel bleu" quality="5"/>
<tswitem id="200012" name="Insigne de bravoure bleu" quality="5"/>
<tswitem id="200013" name="Insigne de maltraitance bleu" quality="5"/>
<tswitem id="200014" name="Insigne d'aggressiviré bleu" quality="5"/>
<tswitem id="200015" name="Insigne de trouée bleu" quality="5"/>
<tswitem id="200016" name="Insigne de correction bleu" quality="5"/>
<tswitem id="200017" name="Insigne de furie bleu" quality="5"/>
<tswitem id="200018" name="Insigne de lacération bleu" quality="5"/>
<tswitem id="200019" name="Insigne d'opportunisme bleu" quality="5"/>
<tswitem id="200020" name="Insigne de sadisme bleu" quality="5"/>
<tswitem id="200021" name="Insigne de détention bleu" quality="5"/>
<tswitem id="200022" name="Insigne d'extirpation bleu" quality="5"/>
<tswitem id="200023" name="Insigne d'interdiction bleu" quality="5"/>
<tswitem id="200024" name="Insigne d'obéissance bleu" quality="5"/>
<tswitem id="200025" name="Insigne d'assassinat bleu" quality="5"/>
<tswitem id="200026" name="Insigne de barrage bleu" quality="5"/>
<tswitem id="200027" name="Insigne de découpe bleu" quality="5"/>
<tswitem id="200028" name="Insigne de distorsion bleu" quality="5"/>
<tswitem id="200029" name="Insigne d'exécution bleu" quality="5"/>
<tswitem id="200030" name="Insigne de flux bleu" quality="5"/>
<tswitem id="200031" name="Insigne de liquidation bleu" quality="5"/>
<tswitem id="200032" name="Insigne de rage bleu" quality="5"/>
<tswitem id="200033" name="Insigne de récursivité bleu" quality="5"/>
<tswitem id="200034" name="Insigne de dentelure bleu" quality="5"/>
<tswitem id="200035" name="Insigne des eclats bleu" quality="5"/>
<tswitem id="200036" name="Insigne de fracas bleu" quality="5"/>
<tswitem id="200037" name="Insigne des tempêtes bleu" quality="5"/>
<tswitem id="200038" name="Insigne de épées bleu" quality="5"/>
<tswitem id="200039" name="Insigne de subjugation bleu" quality="5"/>
<tswitem id="200040" name="Insigne des tomes bleu" quality="5"/>
<tswitem id="200041" name="Insigne de sérénité bleu" quality="5"/>
<tswitem id="200042" name="Insigne des échos bleu" quality="5"/>
<tswitem id="200043" name="Insigne de l'équilibre bleu" quality="5"/>
<tswitem id="200044" name="Insigne de soif bleu" quality="5"/>
<tswitem id="200045" name="Insigne d'harmonie bleu" quality="5"/>
<tswitem id="200046" name="Insigne de faim bleu" quality="5"/>
<tswitem id="200047" name="Insigne de décurité bleu" quality="5"/>
<tswitem id="200048" name="Insigne de rajeunissement bleu" quality="5"/>
<tswitem id="200049" name="Insigne de salut bleu" quality="5"/>
<tswitem id="200050" name="Insigne d'ablation bleu" quality="5"/>
<tswitem id="200051" name="Insigne de fortification bleu" quality="5"/>
<tswitem id="200052" name="Insigne de haine bleu" quality="5"/>
<tswitem id="200053" name="Empreinte d'arme auxiliaire bleu" quality="5"/>
<tswitem id="200054" name="Augure d'arme auxiliaire bleu" quality="5"/>
<tswitem id="200055" name="Attache d'arme auxiliaire bleu" quality="5"/>
<tswitem id="200056" name="Turbo d'arme auxiliaire bleu" quality="5"/>
<tswitem id="200057" name="Sceau d'arme auxiliaire bleu" quality="5"/>
<tswitem id="200058" name="Réglage d'arme auxiliaire bleu" quality="5"/>
<tswitem id="200059" name="Module d'arne auxiliaire bleu" quality="5"/>
<tswitem id="200060" name="Charge d'arme auxiliaire bleu" quality="5"/>

<tswitem id="200001" name="Insigne d'amélioration vert" quality="4"/>
<tswitem id="200002" name="Insigne de violence vert" quality="4"/>
<tswitem id="200003" name="Insigne de vigueur vert" quality="4"/>
<tswitem id="200004" name="Insigne de corruption vert" quality="4"/>
<tswitem id="200005" name="Insigne de discipline vert" quality="4"/>
<tswitem id="200006" name="Insigne d'ordre vert" quality="4"/>
<tswitem id="200007" name="Insigne de renfort vert" quality="4"/>
<tswitem id="200008" name="Insigne de résistance vert" quality="4"/>
<tswitem id="200009" name="Insigne de bénédiction vert" quality="4"/>
<tswitem id="200010" name="Insigne de tempérance vert" quality="4"/>
<tswitem id="200011" name="Insigne de plaisir cruel vert" quality="4"/>
<tswitem id="200012" name="Insigne de bravoure vert" quality="4"/>
<tswitem id="200013" name="Insigne de maltraitance vert" quality="4"/>
<tswitem id="200014" name="Insigne d'aggressiviré vert" quality="4"/>
<tswitem id="200015" name="Insigne de trouée vert" quality="4"/>
<tswitem id="200016" name="Insigne de correction vert" quality="4"/>
<tswitem id="200017" name="Insigne de furie vert" quality="4"/>
<tswitem id="200018" name="Insigne de lacération vert" quality="4"/>
<tswitem id="200019" name="Insigne d'opportunisme vert" quality="4"/>
<tswitem id="200020" name="Insigne de sadisme vert" quality="4"/>
<tswitem id="200021" name="Insigne de détention vert" quality="4"/>
<tswitem id="200022" name="Insigne d'extirpation vert" quality="4"/>
<tswitem id="200023" name="Insigne d'interdiction vert" quality="4"/>
<tswitem id="200024" name="Insigne d'obéissance vert" quality="4"/>
<tswitem id="200025" name="Insigne d'assassinat vert" quality="4"/>
<tswitem id="200026" name="Insigne de barrage vert" quality="4"/>
<tswitem id="200027" name="Insigne de découpe vert" quality="4"/>
<tswitem id="200028" name="Insigne de distorsion vert" quality="4"/>
<tswitem id="200029" name="Insigne d'exécution vert" quality="4"/>
<tswitem id="200030" name="Insigne de flux vert" quality="4"/>
<tswitem id="200031" name="Insigne de liquidation vert" quality="4"/>
<tswitem id="200032" name="Insigne de rage vert" quality="4"/>
<tswitem id="200033" name="Insigne de récursivité vert" quality="4"/>
<tswitem id="200034" name="Insigne de dentelure vert" quality="4"/>
<tswitem id="200035" name="Insigne des eclats vert" quality="4"/>
<tswitem id="200036" name="Insigne de fracas vert" quality="4"/>
<tswitem id="200037" name="Insigne des tempêtes vert" quality="4"/>
<tswitem id="200038" name="Insigne de épées vert" quality="4"/>
<tswitem id="200039" name="Insigne de subjugation vert" quality="4"/>
<tswitem id="200040" name="Insigne des tomes vert" quality="4"/>
<tswitem id="200041" name="Insigne de sérénité vert" quality="4"/>
<tswitem id="200042" name="Insigne des échos vert" quality="4"/>
<tswitem id="200043" name="Insigne de l'équilibre vert" quality="4"/>
<tswitem id="200044" name="Insigne de soif vert" quality="4"/>
<tswitem id="200045" name="Insigne d'harmonie vert" quality="4"/>
<tswitem id="200046" name="Insigne de faim vert" quality="4"/>
<tswitem id="200047" name="Insigne de décurité vert" quality="4"/>
<tswitem id="200048" name="Insigne de rajeunissement vert" quality="4"/>
<tswitem id="200049" name="Insigne de salut vert" quality="4"/>
<tswitem id="200050" name="Insigne d'ablation vert" quality="4"/>
<tswitem id="200051" name="Insigne de fortification vert" quality="4"/>
<tswitem id="200052" name="Insigne de haine vert" quality="4"/>
<tswitem id="200053" name="Empreinte d'arme auxiliaire vert" quality="4"/>
<tswitem id="200054" name="Augure d'arme auxiliaire vert" quality="4"/>
<tswitem id="200055" name="Attache d'arme auxiliaire vert" quality="4"/>
<tswitem id="200056" name="Turbo d'arme auxiliaire vert" quality="4"/>
<tswitem id="200057" name="Sceau d'arme auxiliaire vert" quality="4"/>
<tswitem id="200058" name="Réglage d'arme auxiliaire vert" quality="4"/>
<tswitem id="200059" name="Module d'arne auxiliaire vert" quality="4"/>
<tswitem id="200060" name="Charge d'arme auxiliaire vert" quality="4"/>

<tswitem id="8258569" name="Résonateur d'augmentation exact" quality="3"/>
<tswitem id="8258576" name="Résonateur d'augmentation versatile" quality="6"/>
<tswitem id="8258581" name="Résonateur d'augmentation salubre" quality="5"/>
<tswitem id="8258586" name="Résonateur d'augmentation invulnérable" quality="5"/>
<tswitem id="8258591" name="Résonateur d'augmentation activateur" quality="5"/>
<tswitem id="8258596" name="Résonateur d'augmentation endémique" quality="4"/>
<tswitem id="8258601" name="Résonateur d'augmentation accélérateur" quality="4"/>
<tswitem id="8258606" name="Résonateur d'augmentation fortifiant" quality="4"/>
<tswitem id="8258611" name="Résonateur d'augmentation protecteur" quality="4"/>
<tswitem id="8258616" name="Résonateur d'augmentation inventif" quality="4"/>
<tswitem id="8258621" name="Résonateur d'augmentation guérisseur" quality="3"/>
<tswitem id="8258626" name="Résonateur d'augmentation immortel" quality="6"/>
<tswitem id="8258631" name="Résonateur d'augmentation illimité" quality="5"/>
<tswitem id="8258636" name="Résonateur d'augmentation opportun" quality="5"/>
<tswitem id="8258641" name="Résonateur d'augmentation charmé" quality="5"/>
<tswitem id="8258646" name="Résonateur d'augmentation contrariant" quality="4"/>
<tswitem id="8258651" name="Résonateur d'augmentation inflexible" quality="4"/>
<tswitem id="8258656" name="Résonateur d'augmentation solide" quality="4"/>
<tswitem id="8258661" name="Résonateur d'augmentation fugace" quality="4"/>
<tswitem id="8258666" name="Résonateur d'augmentation béni" quality="4"/>
<tswitem id="8258671" name="Résonateur d'augmentation robuste" quality="3"/>
<tswitem id="8258676" name="Résonateur d'augmentation miraculeux" quality="6"/>
<tswitem id="8258681" name="Résonateur d'augmentation parasite" quality="5"/>
<tswitem id="8258690" name="Résonateur d'augmentation défenseur" quality="5"/>
<tswitem id="8258695" name="Résonateur d'augmentation revigorant" quality="5"/>
<tswitem id="8258700" name="Résonateur d'augmentation revitalisant" quality="5"/>
<tswitem id="8258705" name="Résonateur d'augmentation ponctionnant" quality="4"/>
<tswitem id="8258710" name="Résonateur d'augmentation impénétrable" quality="4"/>
<tswitem id="8258715" name="Résonateur d'augmentation restauratif" quality="4"/>
<tswitem id="8258720" name="Résonateur d'augmentation vivifiant" quality="4"/>
<tswitem id="8258725" name="Résonateur d'augmentation réparateur" quality="3"/>
<tswitem id="8258730" name="Résonateur d'augmentation sévère" quality="6"/>
<tswitem id="8258735" name="Résonateur d'augmentation écrasant" quality="5"/>
<tswitem id="8258740" name="Résonateur d'augmentation concentré" quality="5"/>
<tswitem id="8258745" name="Résonateur d'augmentation farouche" quality="5"/>
<tswitem id="8258750" name="Résonateur d'augmentation inéluctable" quality="5"/>
<tswitem id="8258755" name="Résonateur d'augmentation féroce" quality="4"/>
<tswitem id="8258760" name="Résonateur d'augmentation précis" quality="4"/>
<tswitem id="8258765" name="Résonateur d'augmentation perforant" quality="4"/>
<tswitem id="8258770" name="Résonateur d'augmentation brutal" quality="4"/>

</list>
