<?xml version="1.0" encoding="utf-8"?>
<list>

<swtoritem id="1" name="Zerlegter auferstandener Kopfschutz"/>
<swtoritem id="2" name="Zerlegte auferstandene Rüstung"/>
<swtoritem id="3" name="Zerlegter auferstandener Gürtel"/>
<swtoritem id="4" name="Zerlegte auferstandene Hose"/>
<swtoritem id="5" name="Zerlegte auferstandene Schuhe"/>
<swtoritem id="6" name="Zerlegtes auferstandenes Ohrstück"/>
<swtoritem id="7" name="Zerlegtes auferstandenes Implantat"/>
<swtoritem id="8" name="Zerlegtes auferstandenes Relikt"/>
<swtoritem id="9" name="Zerlegte auferstandene Armschienen"/>
<swtoritem id="10" name="Zerlegte auferstandene Nebenhandwaffe"/>
<swtoritem id="11" name="Zerlegte auferstandene Haupthandwaffe"/>
<swtoritem id="12" name="Zerlegte auferstandene Handschuhe"/>
</list>
